76715.987909,1703,0.004461,-1
76715.987909,1702.99,0.01297206,-1
76715.899886,1702.98,0.00001173,-1
76715.834741,1703.15,0.00581085,-1
76715.73387,1702.92,0.00243224,-1
76715.73387,1702.92,0.00162151,-1
76715.73387,1702.92,0.01945809,-1
76715.73387,1702.92,0.00243226,-1
76715.722845,1702.72,0.93466662,1
76715.722845,1702.8,0.185,1
76715.722845,1702.9,0.185,1
76715.71737,1702.88,0.00285313,-1
76715.709973,1702.83,0.81769194,1
76715.709973,1702.9,0.185,1
76715.692821,1702.72,0.07136394,1
76715.692821,1702.75,0.5,1
76715.692821,1702.75,0.05863606,1
76715.692821,1702.8,0.185,1
76715.692821,1702.9,0.185,1
76715.67241,1702.98,3.88223876,1
76715.672057,1703.02,2.34699775,1
76715.671765,1702.6,0.00113122,1
76715.671765,1702.6,0.05,1
76715.671765,1702.6,0.001,1
76715.671765,1702.61,1.79390275,1
76715.670999,1702.61,2.08833601,1
76715.670999,1702.62,2.34699775,1
76715.670999,1702.63,0.28688799,1
76715.670999,1702.63,4.7052596,1
76715.670999,1702.7,0.2,1
76715.670999,1702.7,0.1,1
76715.670999,1702.7,0.4,1
76715.670999,1702.7,0.001,1
76715.670999,1702.71,2.34699775,1
76715.670999,1702.72,1.09490723,1
76715.670999,1702.75,0.05863606,1
76715.670999,1702.76,3.88223876,1
76715.670999,1702.77,4.7052596,1
76715.670999,1702.79,2.34699775,1
76715.670999,1702.8,0.001,1
76715.670999,1702.8,0.05,1
76715.670999,1702.82,1.575,1
76715.670999,1702.84,4.04989069,1
76715.670999,1702.86,2.34699775,1
76715.670999,1702.87,0.14225518,1
76715.670999,1702.89,4.7052596,1
76715.670999,1703.07,0.88075795,1
76715.670624,1702.95,2.34699775,1
76715.670624,1703.02,1.575,1
76715.66865,1702.87,3.73998358,1
76715.66865,1702.9,0.29769965,1
76715.66865,1702.9,0.001,1
76715.66865,1702.93,0.1553216,1
76715.66865,1702.93,0.14344399,1
76715.66865,1703,0.001,1
76715.66865,1703.05,0.2,1
76715.66865,1703.06,0.1,1
76715.66865,1703.06,0.071722,1
76715.66865,1703.06,0.0008805,1
76715.66865,1703.09,1.52532154,1
76715.66865,1703.1,0.001,1
76715.66865,1703.13,0.035861,1
76715.66865,1703.14,0.25889778,1
76715.66865,1703.15,1.46786836,1
76715.667768,1703.14,0.232,1
76715.667458,1703.14,0.03634296,1
76715.667436,1703.14,0.90234296,1
76715.667155,1703.14,0.03829328,1
76715.667155,1703.14,0.90159939,1
76715.666832,1703.2,0.001,1
76715.660717,1703.23,1.575,1
76715.660717,1703.24,0.05861326,1
76715.660717,1703.3,1.17387499,1
76715.660717,1703.3,0.185,1
76715.660717,1703.3,0.001,1
76715.660717,1703.4,0.185,1
76715.660717,1703.4,0.001,1
76715.660717,1703.5,0.001,1
76715.58023,1703.6,0.00075511,1
76715.58023,1703.6,0.22009984,1
76715.58023,1703.6,0.001,1
76713.542698,1703.7,0.163052,1
76713.542698,1703.7,0.001,1
76713.115889,1703.71,0.153609,1
76710.980338,1703.8,0.05,1
76710.980338,1703.8,0.205,1
76710.980338,1703.8,0.001,1
76710.974801,1703.83,0.00586615,1
76710.974801,1703.9,0.001,1
76710.974801,1704,0.001,1
76710.946697,1704.08,1,1
76710.945802,1704.1,0.16661867,1
76710.945802,1704.1,1,1
76710.945802,1704.1,0.001,1
76710.214455,1704.11,0.0074067,-1
76709.887911,1704.11,0.01669264,-1
76708.987294,1704.3,0.17113128,1
76708.936156,1704.2,0.001,1
76708.936156,1704.3,0.001,1
76708.813117,1704.31,0.019363,-1
76719.171012,1702.98,1,-1
76719.226992,1703.02,1,-1
76720.326231,1703.29,0.95400172,-1
76720.326231,1703.29,0.14665939,-1
76720.326231,1703.23,0.048,-1
76720.326231,1703.2,1,-1
76720.326231,1703.2,0.001,-1
76720.326231,1703.18,1,-1
76722.442819,1703.17,0.02779512,-1
76724.705173,1703.22,0.24658203,-1
76724.704293,1703.22,0.75341797,-1
76724.655189,1703.18,1,-1
76725.078065,1703.29,0.18953368,1
76725.510458,1703.18,0.02851948,-1
76726.098919,1703.16,0.73786735,1
76727.619499,1702.9,0.03350953,1
76727.619499,1702.9,0.001,1
76727.619499,1703,0.001,1
76727.619499,1703.01,0.18504262,1
76727.619499,1703.01,0.73865599,1
76727.985044,1702.96,0.0234375,-1
76727.9849,1702.96,0.48828125,-1
76727.984689,1702.96,0.48828125,-1
76729.993245,1703.06,1,-1
76729.993245,1703.04,1,-1
76733.315296,1703.11,0.04819955,1
76733.718241,1703.12,0.05563783,-1
76733.78465,1703.2,0.05861326,-1
76733.78465,1703.2,0.001,-1
76733.782459,1703.14,1,-1
76733.781136,1703.12,0.94436217,-1
76737.406332,1703.07,0.08851168,1
76737.529457,1703.08,0.15219814,-1
76738.661626,1703.22,0.70145524,-1
76738.661626,1703.2,0.185,-1
76738.661626,1703.19,1.17418599,-1
76738.661626,1703.19,0.05861326,-1
76738.661626,1703.1,1,-1
76738.661626,1703.09,0.88075365,-1
76738.661626,1703.08,0.15219,-1
76738.661626,1703.08,0.84780186,-1
76740.886813,1703.11,0.68671226,1
76740.886813,1703.11,0.00138498,1
76740.886813,1703.11,0.16510903,1
76740.886813,1703.11,0.14679373,1
76740.957909,1703.14,1,-1
76740.955368,1703.12,1,-1
76742.15902,1703.15,0.00448032,-1
76742.15902,1703.15,0.05074186,-1
76743.394268,1703.14,0.00000001,1
76743.393918,1703.14,0.27577776,1
76743.532893,1702.9,0.001,1
76743.529742,1702.92,0.14679373,1
76743.529742,1703,0.001,1
76747.290449,1703.07,0.14678942,-1
76747.286072,1702.93,0.096,-1
76747.280185,1702.91,0.18398236,-1
76747.280185,1702.87,1.1745714,-1
76747.280185,1702.85,0.88087617,-1
76747.27999,1702.84,1,-1
76747.27999,1702.82,1,-1
76747.27999,1702.81,0.05861326,-1
76747.27999,1702.81,0.048,-1
76747.494516,1703.39,0.02965704,1
76747.469569,1703.3,0.001,-1
76747.46745,1703.28,0.57805476,-1
76747.46745,1703.28,0.096,-1
76747.425677,1703.2,0.001,-1
76747.425677,1703.19,0.6,-1
76747.425471,1703.17,0.048,-1
76747.425471,1703.1,0.001,-1
76747.522152,1703.4,0.55926202,-1
76747.522152,1703.4,0.001,-1
76749.056492,1703.42,0.08617369,-1
76749.852798,1703.41,0.01771631,1
76751.294336,1703.49,0.06782546,-1
76754.820516,1703.46,1,1
76754.820516,1703.48,0.00078147,1
76754.820516,1703.48,0.15883871,1
76754.820362,1703.48,0.11166803,1
76754.820362,1703.48,1,1
76755.37581,1703.48,0.30141735,-1
76755.37581,1703.47,1.17443261,-1
76755.37581,1703.42,1.17412373,-1
76755.37581,1703.4,0.185,-1
76755.37581,1703.39,0.14676443,-1
76755.37581,1703.38,0.05861326,-1
76755.37581,1703.3,1.079,-1
76755.37581,1703.29,0.88064862,-1
76755.683728,1703.32,0.01837703,-1
76756.555248,1703.28,1,1
76756.554809,1703.3,0.09926664,1
76756.554809,1703.3,1,1
76758.277631,1703.28,0.00566631,-1
76758.606312,1703.28,0.01996865,-1
76759.624212,1703.24,0.02852617,-1
76760.531925,1703.24,0.04853299,-1
76760.721815,1703.24,0.28526547,-1
76761.695719,1703.35,0.29696175,1
76761.651213,1703.4,0.0087174,-1
76762.073865,1703.36,0.05812179,-1
76762.13567,1703.31,0.10923326,-1
76762.13567,1703.3,0.176,-1
76762.803642,1703.3,0.05568668,-1
76763.707845,1703.36,0.03267042,-1
76763.967244,1703.55,0.013529,-1
76763.967244,1703.5,0.001,-1
76763.855553,1703.43,0.08100803,-1
76763.855508,1703.43,0.08100803,-1
76765.101001,1703.61,0.08457872,-1
76765.101001,1703.6,0.001,-1
76766.056356,1703.69,1.4674031,1
76766.056356,1703.69,0.51899196,1
76766.056356,1703.69,1.17431825,1
76767.574374,1703.69,0.00871883,-1
76769.064591,1703.9,0.001,-1
76769.034964,1703.9,0.001,-1
76769.034964,1703.8,0.001,-1
76769.034964,1703.7,0.001,-1
76769.163396,1704.01,0.0107734,-1
76769.163396,1704,0.001,-1
76771.007816,1703.98,0.04111773,1
76771.552104,1703.99,0.01670361,-1
76772.720679,1703.96,1,1
76772.717428,1703.98,0.24518796,1
76772.717428,1703.98,0.00117663,1
76772.717428,1703.98,0.04111,1
76772.717428,1703.98,0.146736,1
76772.717428,1703.98,0.95888227,1
76773.066022,1703.75,0.88041085,-1
76775.895697,1703.88,1,1
76775.895531,1703.9,1,1
76775.895531,1703.91,0.146736,1
76775.895531,1703.91,0.26611095,1
76776.037962,1703.71,0.00290507,-1
76776.413715,1703.71,0.00290507,-1
76776.317201,1703.71,0.00001173,-1
76776.584048,1703.71,0.00058109,-1
76777.116986,1703.82,0.00813511,-1
76777.021011,1703.82,0.01475392,-1
76778.983356,1703.82,0.00290507,-1
76781.907741,1703.81,0.08331631,-1
76782.183241,1703.8,0.02740343,1
76782.686271,1703.81,0.00595549,-1
76788.361043,1703.85,0.014529,-1
76789.250204,1703.85,0.02226586,-1
76790.173674,1703.85,0.0000316,-1
76793.20692,1703.63,0.02053854,1
76793.20692,1703.7,0.00586065,1
76793.20692,1703.7,0.001,1
76793.122545,1703.82,1,1
76793.122545,1703.83,0.59083878,1
76793.122545,1703.83,0.05862619,1
76793.122545,1703.84,1.17371275,1
76793.122545,1703.84,0.00093554,1
76793.122545,1703.84,0.32455364,1
76793.122545,1703.84,0.97259657,1
76793.122545,1703.84,0.0274,1
76794.553487,1704,0.01543111,-1
76794.553487,1704,0.001,-1
76794.553487,1703.9,0.001,-1
76795.597177,1703.93,0.05567047,-1
76795.790653,1703.92,0.00583859,1
76796.399056,1703.94,0.05271475,-1
76796.399056,1703.93,0.00295572,-1
76796.790438,1703.94,0.00556634,-1
76797.105181,1703.94,0.3817027,-1
76797.104536,1703.94,0.44032889,-1
76800.745141,1704.06,0.08952243,1
76800.745122,1704.06,0.1900007,1
76800.741698,1704.06,0.72047687,1
76800.741698,1704.08,0.3129989,1
76800.741542,1704.08,0.6870011,1
76800.741542,1704.09,0.00075432,1
76800.741542,1704.09,0.34353285,1
76801.328556,1703.81,0.04453649,-1
76801.736186,1703.84,0.05810371,-1
76801.809978,1703.81,0.06842873,-1
76803.192914,1703.89,0.01558913,-1
76803.506488,1703.89,0.17430193,-1
76808.017449,1703.98,0.08050149,1
76808.017449,1703.98,0.14670242,1
76808.009709,1703.99,0.00580926,-1
76808.450297,1703.97,0.0111305,-1
76811.026649,1703.95,0.05567014,-1
76813.088029,1703.93,0.01669734,-1
76813.464382,1703.93,0.02851328,-1
76818.562235,1703.98,0.03757346,-1
76819.599853,1703.97,0.47141966,1
76819.599853,1703.97,0.00081521,1
76819.604387,1703.97,0.00000001,1
76824.396825,1703.81,0.19409546,-1
76824.396401,1703.81,0.19409546,-1
76824.562172,1703.91,0.81447175,-1
76824.562168,1703.91,0.23752825,-1
76824.562168,1703.91,0.0586187,-1
76824.562168,1703.91,0.5183248,-1
76824.795411,1703.98,0.01742978,-1
76825.150425,1703.98,0.01425756,-1
76825.262456,1703.98,0.00275972,-1
76826.596147,1704.02,0.36088402,-1
76826.596147,1704.02,0.048,-1
76826.596147,1703.98,0.03642202,-1
76826.591914,1703.98,0.00580993,-1
76829.545841,1704.02,0.16077823,-1
76829.516767,1704.02,0.00806999,-1
76833.716473,1704.01,0.00166745,-1
76834.672475,1704,0.00000001,1
76834.669386,1704,0.00099208,1
76834.669386,1704,0.2143193,1
76834.847649,1703.76,0.15119445,1
76834.847517,1703.76,0.14407167,1
76834.847517,1703.8,0.28530988,1
76834.847517,1703.8,0.001,1
76835.124216,1703.7,0.34638281,1
76835.124216,1703.7,0.001,1
76836.47411,1703.61,0.00001173,-1
76837.414639,1703.61,0.01162238,-1
76837.485147,1703.61,0.00581085,-1
76840.194543,1703.61,0.089593,-1
76840.310432,1703.61,0.11499985,-1
76844.087132,1703.64,0.245733,-1
76845.265991,1703.73,0.00566591,-1
76846.772173,1703.67,0.02067389,-1
76846.942855,1703.85,0.11692113,-1
76849.100415,1703.89,0.01670136,-1
76851.676016,1703.79,0.03816777,-1
76851.906334,1703.86,0.04454277,-1
76853.270655,1703.89,0.00275986,-1
76854.640739,1703.84,0.00058106,-1
76858.119652,1703.87,0.02783282,-1
76859.163578,1703.85,0.10984277,-1
76860.66398,1703.85,0.02785365,-1
76860.66398,1703.85,0.02785366,-1
76860.799243,1703.84,0.00000587,-1
76862.508575,1703.79,0.14233023,1
76862.508575,1703.79,0.00184132,1
76863.181524,1703.5,0.5,1
76863.181524,1703.5,0.001,1
76863.181524,1703.6,0.001,1
76864.670044,1703.41,0.019803,-1
76866.040077,1703.26,0.00449118,1
76866.040077,1703.3,0.001,1
76866.040077,1703.3,0.176,1
76866.040077,1703.31,0.0586187,1
76866.040077,1703.4,0.15353114,1
76866.040077,1703.4,0.001,1
76866.466716,1703.32,0.26966004,-1
76866.466716,1703.28,0.01794922,-1
76866.570818,1703.31,0.01085358,-1
76867.193966,1703.37,0.12803432,-1
76867.990133,1703.32,0.00082615,1
76868.661306,1703.33,0.12247602,-1
76872.238031,1703.46,0.05704933,-1
76873.645285,1703.51,0.09605495,1
76875.256975,1703.5,0.13789812,-1
76875.256975,1703.5,0.02850104,-1
76875.256975,1703.5,0.02850104,-1
76876.526426,1703.53,0.01027609,-1
76877.447645,1703.51,0.00000586,-1
76877.43334,1703.51,0.0029046,-1
76881.192014,1703,4.34836058,1
76881.192014,1703,0.05,1
76881.192014,1703,0.001,1
76881.192014,1703,0.185,1
76881.192014,1703.02,3.22920612,1
76881.192014,1703.03,2.3801316,1
76881.192014,1703.03,4.73115159,1
76881.192014,1703.04,0.03442958,1
76881.192014,1703.06,1.17443261,1
76881.192014,1703.06,0.0008805,1
76881.192014,1703.07,0.2,1
76881.192014,1703.07,0.1,1
76881.192014,1703.1,0.5,1
76881.192014,1703.1,0.176,1
76881.192014,1703.1,0.001,1
76881.192014,1703.11,1.5259977,1
76881.192014,1703.12,3.52359783,1
76881.192014,1703.13,1.17443261,1
76881.192014,1703.14,3.22920612,1
76881.192014,1703.15,1.46786836,1
76881.192014,1703.2,0.15,1
76881.192014,1703.2,0.001,1
76881.192014,1703.21,0.0586187,1
76881.192014,1703.27,1.17403716,1
76881.192014,1703.3,0.001,1
76881.192014,1703.31,0.15614397,1
76881.192014,1703.31,0.00114753,1
76881.192014,1703.31,0.57149895,1
76881.926028,1703.28,0.00058116,-1
76882.317372,1703.15,0.01452883,-1
76883.032931,1703.15,0.02852316,-1
76883.289026,1703.1,0.001,1
76883.289026,1703.11,0.0586187,1
76883.289026,1703.14,0.11987386,1
76883.743099,1703,0.001,1
76885.278575,1702.91,0.00290578,-1
76885.774922,1702.9,0.138892,1
76885.774922,1702.9,0.001,1
76886.869293,1702.81,0.0142615,-1
76887.543082,1702.8,0.00095068,1
76887.543082,1702.8,0.001,1
76888.847682,1702.7,0.02690135,1
76888.825075,1702.7,0.10477834,1
76888.825075,1702.7,0.001,1
76889.060791,1702.6,0.08645778,1
76889.060791,1702.6,0.001,1
76889.199129,1702.51,0.02852366,-1
76889.596935,1702.5,0.00082659,1
76894.770098,1702.51,2,-1
76895.566444,1702.58,0.00855477,-1
76897.349018,1702.67,0.00001174,-1
76897.441392,1702.65,0.0058145,-1
76897.61074,1702.65,0.00087222,-1
76897.987459,1702.61,0.00359828,1
76897.987459,1702.61,0.29301388,1
76898.454957,1702.61,0.04741129,1
76900.51114,1702.63,0.001147,1
76900.649138,1702.51,0.29359083,1
76900.649138,1702.52,0.0586187,1
76900.649138,1702.53,0.0829849,1
76900.649138,1702.6,0.09823584,1
76900.649138,1702.6,0.158,1
76900.649138,1702.61,0.12615053,1
76901.55283,1702.74,2.12199949,-1
76901.55283,1702.74,0.048,-1
76901.55283,1702.73,1.17443261,-1
76901.551685,1702.7,0.88095853,-1
76901.551685,1702.68,1.044,-1
76901.551685,1702.67,0.0586187,-1
76901.551685,1702.66,0.53692472,-1
76904.291872,1702.79,0.00082672,1
76906.554909,1702.87,0.02128182,-1
76906.554909,1702.8,0.001,-1
76906.658063,1702.87,0.058618,1
76907.10897,1703,1.66352709,-1
76907.10897,1703,0.001,-1
76907.10897,1702.95,0.58850095,-1
76907.108928,1702.95,0.2923286,-1
76907.108928,1702.9,0.001,-1
76907.254481,1703.04,0.139617,1
76909.850644,1702.83,0.058618,1
76910.681924,1702.81,0.05879725,1
76910.681924,1702.81,0.05865221,1
76911.643408,1702.86,0.05570938,-1
76912.515701,1703.01,0.03342196,-1
76913.022943,1703.55,14.22343283,-1
76913.022943,1703.55,1.17443261,-1
76913.022943,1703.54,3.22996468,-1
76913.022943,1703.53,0.048,-1
76913.022943,1703.5,0.001,-1
76913.022943,1703.5,0.158,-1
76913.022943,1703.49,0.00032,-1
76913.022943,1703.46,1.575,-1
76913.022943,1703.45,1.17443261,-1
76913.022943,1703.44,1.52684952,-1
76913.022943,1703.43,2.64805447,-1
76913.022943,1703.42,3.22996468,-1
76913.022943,1703.4,0.05,-1
76913.022943,1703.4,0.001,-1
76913.022943,1703.4,0.15,-1
76913.022943,1703.38,1.17443261,-1
76913.022943,1703.36,0.1553216,-1
76913.022943,1703.35,0.096,-1
76913.022943,1703.32,0.0008809,-1
76913.022943,1703.3,0.001,-1
76913.022943,1703.3,0.15,-1
76913.022943,1703.28,1.575,-1
76913.022943,1703.27,1.17443261,-1
76913.022943,1703.27,0.05865221,-1
76913.022943,1703.26,1.17447183,-1
76913.022943,1703.2,0.001,-1
76913.022943,1703.2,0.15,-1
76913.022943,1703.1,0.001,-1
76913.022943,1703.07,1.042,-1
76913.14348,1703.18,0.00000031,1
76913.133585,1703.18,0.262883,1
76914.265897,1702.85,0.00000587,1
76914.251006,1702.85,0.00088504,1
76914.251006,1702.9,0.001,1
76916.008959,1702.91,0.02267335,-1
76920.730404,1702.97,0.8808141,-1
76920.730404,1702.97,0.26887572,-1
76921.221082,1703.12,0.001209,1
76922.36519,1703.12,0.00369322,1
76922.42135,1703.12,0.00000587,1
76922.697117,1703.23,0.33904233,-1
76922.697117,1703.2,0.001,-1
76922.697117,1703.16,0.88071584,-1
76922.873625,1703.35,0.05905608,-1
76922.866013,1703.3,0.158,-1
76922.866013,1703.3,0.001,-1
76922.865538,1703.28,0.18653773,-1
76922.865538,1703.26,1.17439976,-1
76922.865538,1703.25,0.19988659,-1
76922.86553,1703.25,0.83911341,-1
76922.86553,1703.17,0.88071067,-1
76922.951595,1703.39,0.18587708,1
76924.16635,1703.22,0.058652,1
76924.826352,1703.18,0.0405,1
76924.964492,1703.19,0.01392352,-1
76928.077365,1703.39,0.01392164,-1
76928.848904,1703.39,0.0178238,-1
76929.776321,1703.36,0.0570567,-1
76930.124024,1703.36,0.45641072,-1
76930.776886,1703.38,0.00000586,-1
76930.765144,1703.38,0.00001173,-1
76930.752589,1703.38,0.02904824,-1
76931.749209,1703.36,0.05865138,1
76931.749209,1703.36,0.34802062,1
76932.244771,1703.2,0.00000587,1
76932.231883,1703.2,0.00453264,1
76932.954226,1703.13,0.059,1
76933.022798,1703.13,0.00008232,1
76934.637672,1703.24,0.88067484,-1
76935.372947,1703.39,0.00066562,-1
76937.033318,1703.39,0.086787,-1
76938.021686,1703.6,0.01443592,-1
76938.021686,1703.6,0.001,-1
76938.021686,1703.5,0.001,-1
76938.021686,1703.4,0.001,-1
76938.707076,1703.57,0.00036942,1
76941.140752,1703.55,0.001208,1
76945.119906,1703.59,0.028524,-1
76945.731024,1703.73,0.026524,-1
76945.731024,1703.7,0.001,-1
76945.731024,1703.6,0.001,-1
76946.652416,1703.73,0.00290587,-1
76947.08722,1703.73,0.23247513,-1
76947.599323,1703.8,0.00058112,-1
76948.096894,1703.92,0.28382107,-1
76948.096894,1703.9,0.001,-1
76948.096894,1703.8,0.00041888,-1
76948.483603,1703.98,0.124437,1
76948.951277,1703.99,0.0021794,-1
76956.145828,1703.91,0.25128232,1
76956.145828,1703.91,0.00081221,1
76958.277053,1703.88,0.00000586,1
76958.267022,1703.88,0.00546986,1
76958.218553,1703.89,0.04277545,-1
76959.452234,1703.88,0.1697142,1
76960.228589,1703.83,0.00000586,1
76960.220045,1703.83,0.01708503,1
76960.448395,1703.76,0.058652,1
76960.440993,1703.79,0.06972281,-1
76960.87147,1703.63,0.359,1
76960.866487,1703.7,0.001,1
76961.172059,1703.6,0.19005275,1
76961.172059,1703.6,0.001,1
76961.415092,1703.51,0.03638369,-1
76962.042445,1703.5,0.207253,1
76962.042445,1703.5,0.001,1
76964.34229,1703.45,0.01771964,-1
76966.503427,1703.42,0.04453545,-1
76967.993161,1703.43,0.14673922,-1
76969.722109,1703.43,0.14529338,-1
76970.588966,1703.47,0.0039928,-1
76972.274111,1703.44,0.00000587,1
76972.263952,1703.44,0.00383341,1
76972.522279,1703.63,0.08352044,-1
76974.454099,1703.69,0.0011454,1
76974.454099,1703.69,0.2466116,1
76975.851587,1703.66,0.00581174,-1
76979.275572,1703.8,0.001,-1
76979.275572,1703.7,0.001,-1
76980.426061,1703.92,0.00568342,-1
76980.426061,1703.9,0.001,-1
76980.649467,1703.92,0.03340931,-1
76981.047903,1703.81,0.058652,1
76981.165636,1703.7,0.155751,1
76981.165636,1703.7,0.001,1
76981.133741,1703.8,0.28403867,1
76982.290224,1703.61,0.001034,-1
76982.259568,1703.61,0.0248919,-1
76984.15813,1703.6,0.115307,1
76984.15813,1703.6,0.001,1
76984.416966,1703.51,0.02323682,-1
76984.442455,1703.51,0.00000586,-1
76984.431123,1703.51,0.00001173,-1
76984.781281,1703.51,0.04176264,-1
76986.44749,1703.51,0.07262975,-1
76987.073709,1703.51,0.05566689,-1
76987.510193,1703.5,0.00075469,1
76987.510193,1703.5,0.12891731,1
76987.510193,1703.5,0.001,1
76988.911571,1703.51,0.05899584,1
76990.013767,1703.52,1.026,-1
76992.295166,1703.71,0.01562745,-1
76992.532065,1703.71,0.02783723,-1
76997.276581,1703.79,0.292403,1
77000.457732,1703.75,0.02324244,-1
77003.250372,1703.79,0.008854,-1
77003.460313,1703.79,0.05703795,-1
77005.05147,1703.76,0.00556653,-1
77005.35811,1703.77,0.01140643,-1
77005.65977,1703.76,0.00111693,1
77005.65977,1703.76,0.22055307,1
77007.581994,1703.55,0.00058107,-1
77007.714389,1703.55,0.01614216,-1
77007.908699,1703.54,0.01425915,-1
77008.947249,1703.61,0.165631,1
77009.753089,1703.5,0.1142445,1
77009.753089,1703.5,0.001,1
77009.882196,1703.4,0.00000001,1
77009.881915,1703.4,0.00099999,1
77009.881915,1703.42,0.05835903,1
77010.750777,1703.3,0.142514,1
77010.750777,1703.3,0.001,1
77011.396687,1703.22,0.00723982,-1
77011.453046,1703.22,0.01020304,-1
77011.656659,1703.22,0.01539221,-1
77013.328386,1703.22,0.52689318,-1
77013.328386,1703.21,0.05865221,-1
77013.674742,1703.22,0.0321118,-1
77013.88998,1703.1,0.12863613,1
77013.88998,1703.1,0.001,1
77013.837146,1703.2,0.00000001,1
77013.835873,1703.2,0.1339109,1
77013.835873,1703.2,0.001,1
77014.726338,1703.01,0.0014178,-1
77016.134188,1703,0.128454,1
77016.134188,1703,0.001,1
77016.300385,1702.91,0.40962229,-1
77016.300385,1702.91,0.17750093,-1
77017.149939,1703,0.05865221,-1
77017.439373,1703.07,0.05865221,-1
77017.439373,1703.07,0.88076619,-1
77018.172582,1703.19,0.05870161,-1
77019.378957,1703.19,0.05706273,-1
77019.457575,1703.2,0.05467929,-1
77019.457575,1703.2,0.001,-1
77021.23752,1703.23,0.00057545,-1
77022.004567,1703.36,0.01611817,-1
77022.004567,1703.3,0.001,-1
77022.156401,1703.31,0.00251272,1
77024.482875,1703.4,0.01570724,-1
77024.482875,1703.4,0.001,-1
77026.457534,1703.44,0.01835997,-1
77026.582719,1703.32,0.263382,1
77026.547831,1703.35,0.001235,1
77026.689191,1703.3,0.16631923,1
77027.003045,1703.2,0.107777,1
77027.003045,1703.2,0.001,1
77027.722334,1703.11,0.01760565,1
77029.083894,1703.13,0.01113698,-1
77031.247255,1703.13,0.14580801,-1
77031.576322,1703.13,0.10002,1
77031.641627,1703.1,0.1406072,1
77031.641627,1703.1,0.001,1
77031.614912,1703.11,0.10454699,1
77032.120736,1703,0.124496,1
77032.120736,1703,0.001,1
77033.841675,1703,0.71952314,-1
77040.496057,1703.19,0.05865221,-1
77040.496057,1703.19,0.88070033,-1
77041.102009,1703.17,0.46558528,1
77041.102009,1703.17,0.14678684,1
77041.102009,1703.19,0.00084476,1
77041.102009,1703.19,0.15517983,1
77041.102009,1703.19,1.17430858,1
77041.415958,1702.98,0.037054,-1
77041.945722,1702.98,0.05870885,-1
77042.285695,1702.99,0.16142525,-1
77042.285695,1702.98,0.03817731,-1
77042.396453,1702.9,0.001,1
77042.393802,1702.96,0.00000076,1
77042.386847,1702.96,0.197127,1
77043.378922,1702.8,0.188913,1
77043.378922,1702.8,0.001,1
77045.975277,1702.74,1,-1
77045.973707,1702.72,1,-1
77046.793629,1702.92,0.141491,1
77049.10701,1702.91,0.02294489,1
77051.158863,1702.94,1,-1
77051.155658,1702.92,0.53197133,-1
77051.142478,1702.92,0.46802867,-1
77051.493724,1703.02,0.23392438,-1
77051.490839,1703.02,0.29443208,-1
77051.469741,1703.02,0.21728516,-1
77051.466535,1703,1,-1
77051.466535,1703,0.001,-1
77051.600872,1703.05,0.02561608,-1
77051.757001,1703.05,0.08867479,-1
77054.55258,1703.25,0.05865221,-1
77054.55258,1703.25,0.16550881,-1
77054.552484,1703.25,0.03437208,-1
77054.552484,1703.25,0.19999932,-1
77054.552184,1703.23,0.88068442,-1
77054.55019,1703.2,0.001,-1
77054.55019,1703.19,0.1468058,-1
77054.55019,1703.1,0.001,-1
77055.441164,1703.3,0.001,-1
77056.310533,1703.39,0.01113692,-1
77056.359544,1703.39,0.00502874,-1
77059.80201,1703.44,0.0056868,-1
77059.80201,1703.4,0.001,-1
77062.367523,1703.44,0.323709,1
77062.429184,1703.43,0.0013,1
77062.599104,1703.41,0.335731,1
77062.789631,1703.44,0.31825153,-1
77062.789631,1703.39,0.01528055,-1
77062.789631,1703.39,0.01528055,-1
77064.952758,1703.34,0.01948743,-1
77065.559811,1703.34,0.08717682,-1
77067.296476,1703.34,0.05869644,-1
77069.181854,1703.41,0.21291409,-1
77069.181854,1703.4,0.01528055,-1
77069.335674,1703.41,0.00739485,-1
77069.335674,1703.4,0.00764028,-1
77069.556105,1703.4,0.149,1
77070.726698,1703.34,0.17937272,1
77070.726698,1703.38,0.25465553,1
77070.726698,1703.38,0.59617985,1
77071.012301,1703.4,0.00116238,-1
77071.231026,1703.4,0.149,1
77072.406164,1703.6,0.75869639,-1
77072.406164,1703.6,0.149,-1
77072.406164,1703.6,0.001,-1
77072.406164,1703.51,0.25729163,-1
77072.406164,1703.5,0.001,-1
77072.406164,1703.49,0.05865221,-1
77072.406164,1703.45,0.21963501,-1
77072.406164,1703.44,0.87940866,-1
77072.352436,1703.44,0.00116241,-1
77073.210851,1703.42,0.00276072,-1
77074.258268,1703.4,0.01152897,1
77074.769259,1703.41,0.01711666,-1
77074.917899,1703.41,0.307229,1
77075.09458,1703.4,0.02964607,1
77075.181854,1703.34,0.07333285,1
77075.181854,1703.4,0.00075259,1
77075.181854,1703.4,0.16690223,1
77075.181854,1703.4,0.10782496,1
77075.951279,1703.45,1.01448355,1
77075.951279,1703.45,0.15361495,1
77078.058224,1703.59,0.380697,1
77079.80926,1703.48,0.00058112,-1
77079.940749,1703.48,0.01452774,-1
77080.371657,1703.48,0.00276066,-1
77082.461255,1703.39,0.02997182,-1
77083.576865,1703.38,0.271256,1
77084.375538,1703.3,0.00000587,1
77084.510221,1703.33,0.01472147,-1
77086.963958,1703.31,0.01095038,-1
77087.117441,1703.31,0.01113509,-1
77094.287059,1703.3,0.00075369,1
77094.287059,1703.3,0.1934895,1
77094.287059,1703.3,0.00099413,1
77100.174987,1702.8,0.05,1
77100.174987,1702.8,0.001,1
77100.174987,1702.9,0.001,1
77100.174987,1703,0.001,1
77100.170687,1703.09,0.0621946,1
77100.169742,1703.09,0.00541862,1
77100.169742,1703.1,0.001,1
77100.139848,1703.2,0.00000001,1
77100.13886,1703.2,0.10442396,1
77100.13886,1703.2,0.001,1
77100.505915,1702.6,0.001,1
77100.45273,1702.7,0.05741623,1
77100.449247,1702.7,0.02061677,1
77100.449247,1702.7,0.00075323,1
77100.449247,1702.7,0.001,1
77100.592813,1702.4,0.001,1
77100.51285,1702.5,0.001,1
77100.51285,1702.5,0.00017341,1
77100.687085,1702.31,0.32428801,-1
77100.687085,1702.31,1.575,-1
77100.783633,1702.64,0.005,-1
77100.747021,1702.57,0.76362863,-1
77100.747021,1702.41,1.001,-1
77100.747021,1702.4,0.05865221,-1
77102.584977,1702.35,0.00111601,-1
77104.511515,1702.31,0.00043594,-1
77104.942331,1702.3,0.05545167,1
77104.942009,1702.3,0.05445167,1
77104.942009,1702.3,0.001,1
77106.361586,1702.2,0.0644377,1
77106.361586,1702.2,0.001,1
77106.441982,1702.1,0.001,1
77106.441982,1702.11,0.00000001,1
77106.441018,1702.11,0.09999998,1
77106.550671,1702.01,0.00288884,-1
77107.47925,1702,0.001,1
77107.468792,1702.03,1.81118487,1
77107.468734,1702.03,0.1630414,1
77107.468734,1702.05,0.2,1
77107.468734,1702.05,0.1,1
77107.468734,1702.05,0.90363444,1
77107.468359,1702.05,2.0304311,1
77107.468359,1702.08,1.17499572,1
77107.468359,1702.11,0.0568983,1
77107.468359,1702.11,0.04372209,1
77107.468359,1702.11,0.04372209,1
77108.24581,1701.9,0.00000587,1
77108.234871,1701.9,0.00069921,1
77109.029584,1701.8,0.01179102,1
77109.029584,1701.8,0.00085933,1
77109.029584,1701.8,0.001,1
77109.029584,1701.9,0.05592176,1
77109.029584,1701.9,0.00029492,1
77109.288838,1701.8,0.00683336,-1
77109.752707,1701.78,0.012936,-1
77109.932573,1701.78,0.00000831,-1
77111.020522,1701.78,0.06700552,-1
77111.4271,1702.1,0.001,-1
77111.423866,1702.03,0.29378412,-1
77111.423866,1702,0.001,-1
77111.418799,1701.96,1.002,-1
77119.195262,1702.06,0.00419782,1
77119.193805,1702.06,0.0607818,1
77119.189373,1702.03,0.0303909,1
77119.189217,1702.03,0.02927165,1
77119.189217,1702.06,0.00111925,1
77120.123044,1701.91,0.05573688,-1
77124.062425,1701.91,0.05709961,-1
77124.415904,1701.9,0.01858591,1
77124.415904,1701.9,0.001,1
77124.521928,1701.72,0.24867418,1
77124.521928,1701.72,0.03600529,1
77124.521928,1701.73,0.05865221,1
77124.521928,1701.8,0.157,1
77124.521928,1701.8,0.001,1
77124.521928,1701.9,0.04150799,1
77126.270988,1701.72,0.23503074,-1
77126.92987,1701.72,0.00962031,1
77126.92987,1701.73,0.05361093,1
77127.704943,1701.71,0.04476731,1
77127.715701,1701.7,0.001,1
77127.705432,1701.71,0.0447673,1
77128.93018,1701.61,0.01671637,-1
77129.297778,1701.6,0.01035597,1
77129.297778,1701.6,0.001,1
77130.377604,1701.61,0.05614562,-1
77131.290798,1701.61,0.00567207,-1
77131.932667,1701.61,0.00727252,-1
77132.509776,1701.61,0.02855484,-1
77132.723664,1701.6,0.57319453,-1
77132.927767,1701.67,0.00037235,-1
77133.318134,1701.64,0.0688034,-1
77134.908528,1701.6,0.07983494,1
77134.888406,1701.75,0.00087687,1
77135.132289,1701.48,0.10049968,1
77135.13203,1701.48,0.09949969,1
77135.13203,1701.5,0.001,1
77135.332288,1701.4,0.001,1
77136.25573,1701.3,0.04087045,1
77136.255218,1701.3,0.03987046,1
77136.255218,1701.3,0.001,1
77136.471097,1701.21,0.00436351,-1
77136.677435,1701.21,0.59834506,-1
77136.677435,1701.21,1.17549879,-1
77136.650203,1701.21,0.4074916,-1
77136.650203,1701.21,1.36635226,-1
77136.64977,1701.21,0.08028423,-1
77136.757597,1701.2,0.001,1
77136.888802,1701.11,0.04654416,-1
77138.329304,1701,3.55781356,-1
77138.326213,1701,0.165,1
77138.326213,1701,0.001,1
77138.326213,1701.05,0.14691796,1
77138.326213,1701.1,3.52359783,1
77138.326213,1701.1,0.173,1
77138.326213,1701.1,0.001,1
77138.326213,1701.11,1.17443261,1
77138.326213,1701.25,0.14691796,1
77138.326213,1701.26,0.11032008,1
77139.605556,1701.21,0.07970099,-1
77139.605556,1701.2,0.05865221,-1
77139.605556,1701.2,0.001,-1
77140.265225,1701.28,0.05574244,-1
77141.46714,1701.17,0.02669046,-1
77141.46714,1701.16,0.25200939,-1
77146.509734,1701.12,0.00278732,-1
77146.772819,1701.16,0.01795453,-1
77146.982614,1701.41,0.06012462,-1
77146.982614,1701.4,0.001,-1
77147.16983,1701.51,0.03043305,-1
77147.16983,1701.5,0.001,-1
77150.098951,1701.78,0.00090879,-1
77150.098951,1701.7,0.001,-1
77150.098951,1701.6,0.001,-1
77150.342985,1701.77,0.00000587,1
77150.332043,1701.77,0.00523572,1
77150.927387,1701.78,0.00696329,-1
77153.734813,1701.78,0.87356062,-1
77158.084565,1702.1,0.01550582,-1
77158.084565,1702.1,0.001,-1
77158.084565,1702,0.001,-1
77158.084565,1701.9,0.001,-1
77158.084565,1701.8,0.001,-1
77158.72696,1702.15,0.7255,1
77158.726799,1702.15,0.7255,1
77158.720468,1702.11,0.88126061,-1
77158.720468,1702.1,1.15892679,-1
77158.720468,1702,0.001,-1
77159.514596,1702.16,0.028424,-1
77161.400625,1702.5,4.40418692,-1
77161.400625,1702.5,0.001,-1
77161.399103,1702.4,0.001,-1
77161.399103,1702.39,0.88111593,-1
77161.399103,1702.3,0.001,-1
77161.399103,1702.2,0.001,-1
77161.91533,1702.7,0.098016,-1
77161.91533,1702.7,0.001,-1
77161.91533,1702.6,0.001,-1
77163.885988,1702.7,0.5,1
77163.885749,1702.7,0.5,1
77163.834387,1702.74,1,1
77164.557336,1702.51,0.02786152,-1
77165.468217,1702.5,0.03849532,1
77165.468217,1702.5,0.001,1
77165.804137,1702.48,0.19321802,1
77165.804137,1702.48,1,1
77165.804137,1702.5,0.03849,1
77165.804137,1702.5,0.00178224,1
77165.804137,1702.5,0.36401983,1
77165.804137,1702.5,0.96150468,1
77166.269848,1702.41,0.22289369,-1
77166.378134,1702.35,0.21897394,1
77166.3781,1702.35,0.02475593,1
77166.3781,1702.35,0.19321802,1
77166.3781,1702.4,0.001,1
77166.445241,1702.3,0.001,1
77166.834985,1702.21,0.03898461,-1
77169.202132,1702.2,0.01559,1
77169.202132,1702.2,0.001,1
77170.401037,1702.18,0.14763847,-1
77171.710003,1702.17,0.00581494,-1
77171.799473,1702.17,0.87541313,-1
77176.393302,1702.39,0.00228538,-1
77178.153404,1702.36,0.06408147,-1
77178.801901,1702.4,0.001,-1
77178.819285,1702.5,0.001,-1
77180.615841,1702.81,0.05865221,-1
77180.615841,1702.81,0.88090036,-1
77180.615841,1702.8,0.001,-1
77180.615841,1702.7,0.001,-1
77180.615841,1702.6,0.001,-1
77180.751226,1703.17,0.03963913,-1
77180.751226,1703.1,0.001,-1
77180.751226,1703,0.001,-1
77180.751226,1702.9,0.001,-1
77183.375059,1702.88,0.00478702,1
77183.375059,1702.88,0.00114596,1
77185.148262,1702.81,0.00581518,-1
77185.642202,1702.8,0.001,1
77186.179052,1702.44,1.17443261,1
77186.178471,1702.46,1.17436972,1
77186.178471,1702.47,1.40223499,1
77186.178471,1702.5,0.001,1
77186.178471,1702.53,0.14684978,1
77186.178471,1702.6,0.001,1
77186.17658,1702.7,0.13385647,1
77186.17658,1702.7,0.001,1
77186.207181,1702.4,0.001,1
77186.378808,1702.31,0.0640558,-1
77186.447956,1702.3,0.46079368,1
77186.447956,1702.3,0.001,1
77187.029521,1702.2,0.00011054,1
77187.602622,1702.21,0.00034717,-1
77189.385316,1702.2,0.50579953,1
77189.385316,1702.2,0.00088946,1
77190.100734,1702.12,0.00856327,-1
77191.240269,1702.11,0.0000412,1
77191.873303,1702.11,0.03197581,-1
77192.74003,1702.11,0.01427239,-1
77194.488222,1702.24,0.01427323,-1
77196.217856,1702.13,0.05708955,-1
77196.706181,1702.11,0.02908155,-1
77196.895191,1702.11,0.02854477,-1
77196.820419,1702.11,0.02227554,-1
77197.740687,1702.17,0.76544061,-1
77197.739724,1702.17,0.56561407,-1
77197.738972,1702.17,0.66894532,-1
77198.371591,1702.27,0.00000587,1
77199.533619,1702.31,0.24277626,1
77199.770456,1702.42,0.02807984,-1
77199.770456,1702.4,0.001,-1
77200.465566,1702.36,0.012127,-1
77200.778845,1702.36,0.01,-1
77200.751556,1702.36,0.00001174,-1
77201.015783,1702.36,0.00668876,-1
77201.700976,1702.23,0.02950449,1
77201.700976,1702.35,0.00105901,1
77202.318583,1702.23,0.01246423,1
77203.583833,1702.24,0.00799062,-1
77205.75261,1702.21,0.04178889,-1
77206.068249,1702.22,0.77233757,-1
77206.068249,1702.21,0.09891848,-1
77206.068249,1702.21,0.09891849,-1
77208.308493,1702.17,0.04030022,1
77210.022095,1702.2,0.11143808,-1
77211.59334,1702.19,0.01392794,-1
77211.660897,1702.19,0.02907933,-1
77214.455787,1702.1,0.00083069,1
77216.271037,1702.39,0.0557205,-1
77217.715358,1702.36,0.03064434,-1
77217.683753,1702.31,0.15074203,1
77217.683753,1702.34,0.14211091,1
77217.683753,1702.36,0.00087767,1
77218.191722,1702.37,0.00747963,-1
77218.191722,1702.36,0.01532217,-1
77218.191722,1702.36,0.06692062,-1
77218.80195,1702.39,0.1978639,-1
77218.80195,1702.39,0.0021361,-1
77219.270788,1702.49,0.01849318,-1
77219.270788,1702.4,0.001,-1
77224.382262,1702.48,0.00276273,-1
77226.246794,1702.49,0.01896161,-1
77226.246794,1702.48,0.03974003,-1
77226.773965,1702.49,0.05815012,-1
77232.457533,1702.49,0.09972769,-1
77235.883507,1702.48,0.17603657,1
77236.710265,1702.55,0.00832392,-1
77236.710265,1702.5,0.001,-1
77236.710265,1702.49,0.0046666,-1
77238.746321,1702.57,0.026185,-1
77238.995375,1703.07,6.03016721,-1
77238.995375,1703.07,3.38361405,-1
77238.995375,1703.02,4.99352311,-1
77238.995375,1703.01,1.17443261,-1
77238.995375,1703,0.05,-1
77238.995375,1703,0.001,-1
77238.995375,1703,0.21,-1
77238.995375,1702.98,3.80823656,-1
77238.995375,1702.97,3.52359783,-1
77238.995375,1702.94,1.52709985,-1
77238.995375,1702.93,1.575,-1
77238.995375,1702.9,1.17443261,-1
77238.995375,1702.9,0.001,-1
77238.995375,1702.9,0.21,-1
77238.995375,1702.89,4.99352311,-1
77238.995375,1702.87,0.996,-1
77238.995375,1702.86,3.52359783,-1
77238.995375,1702.83,1.17443261,-1
77238.995375,1702.81,0.00088121,-1
77238.995375,1702.8,0.1553216,-1
77238.995375,1702.8,0.001,-1
77238.995375,1702.8,0.21,-1
77238.995375,1702.77,0.18857368,-1
77238.995375,1702.74,1.17443261,-1
77238.995375,1702.74,0.1999992,-1
77238.995375,1702.72,1.17469219,-1
77238.995375,1702.71,0.18857368,-1
77238.995375,1702.7,0.001,-1
77238.995375,1702.7,0.21,-1
77238.995375,1702.63,0.8809912,-1
77238.995375,1702.62,0.05865221,-1
77238.995375,1702.6,0.001,-1
77239.129035,1702.74,1.17469219,-1
77239.714276,1702.88,0.04644169,-1
77239.714276,1702.8,0.001,-1
77241.137975,1702.8,0.36669979,1
77241.137975,1702.8,0.18,1
77241.137975,1702.9,0.18,1
77243.278158,1702.76,0.00021516,-1
77243.799617,1702.73,0.00872216,-1
77243.753299,1702.71,0.00122638,1
77243.878156,1702.73,0.00232552,-1
77248.017214,1702.99,0.38040591,1
77248.396731,1703.03,0.00930252,-1
77248.366935,1703.05,0.00466937,-1
77248.366935,1703,0.001,-1
77249.516963,1703.03,0.08314996,1
77250.500833,1703,0.006574,1
77250.660879,1703.01,0.01392583,-1
77250.991038,1703.01,0.005,-1
77253.180396,1703.01,0.01113999,-1
77255.015756,1703.03,0.00566791,-1
77255.892413,1703.04,0.0556976,-1
77256.589615,1703.04,0.0027613,-1
77257.216159,1703.05,0.00561989,-1
77257.216159,1703.04,0.00019331,-1
77259.253731,1703.04,0.00290662,-1
77259.526982,1703.05,0.02501269,-1
77259.526982,1703.04,0.05574479,-1
77260.890077,1703.08,0.02906618,-1
77261.350237,1703.08,0.00001174,-1
77262.21977,1703.04,0.0087198,-1
77262.363406,1702.99,0.00000587,1
77262.350647,1702.99,0.00787438,1
77263.25575,1703.07,0.00422489,-1
77263.957764,1703.06,0.02906601,-1
77271.655951,1703.2,0.05196863,-1
77271.655951,1703.2,0.001,-1
77271.655951,1703.1,0.001,-1
77273.412467,1703.1,0.01754807,1
77276.269669,1703.09,0.003562,1
77276.59437,1703.06,0.02325159,-1
77277.712305,1703.04,0.249125,1
77280.204147,1703.06,0.06443046,-1
77280.204147,1703.05,0.05865141,-1
77280.394708,1703.26,0.00000587,1
77280.383455,1703.26,0.00325258,1
77288.034827,1703.31,0.88064169,-1
77288.034827,1703.31,0.42877586,-1
77288.034827,1703.3,0.001,-1
77288.034827,1703.29,0.1999992,-1
77289.280854,1703.31,0.058651,1
77289.251966,1703.39,0.00075366,1
77289.251966,1703.39,0.22213233,1
77289.390661,1703.29,0.01113052,-1
77289.329658,1703.28,0.058651,1
77289.793172,1703.29,0.21474951,-1
77289.793172,1703.29,0.10496946,-1
77289.982438,1703.35,0.03311538,-1
77290.111176,1703.33,0.2816955,1
77290.111176,1703.33,0.0165577,1
77290.111176,1703.33,0.4425458,1
77291.330446,1703.33,0.08074421,-1
77293.557137,1703.31,0.1628499,1
77296.038841,1703.35,0.02624199,-1
77296.017784,1703.28,0.05929631,1
77297.266463,1703.5,0.40590081,-1
77297.266463,1703.5,0.53006283,-1
77297.266463,1703.5,0.001,-1
77297.266463,1703.4,0.001,-1
77297.526321,1703.5,0.12319,-1
77299.232541,1703.7,0.00087445,-1
77299.232541,1703.7,0.001,-1
77299.232541,1703.6,0.16418402,-1
77299.232541,1703.6,0.001,-1
77302.254286,1703.79,0.02605641,1
77308.409852,1703.72,1.24602976,1
77308.409852,1703.72,1.17443261,1
77308.409852,1703.77,0.14674634,1
77308.409852,1703.79,0.0008122,1
77308.409852,1703.79,0.42591424,1
77308.409852,1703.79,0.75401772,1
77308.409852,1703.79,0.75204713,1
77308.59244,1703.67,0.441305,1
77308.553106,1703.66,0.058651,1
77308.661411,1703.6,0.273461,1
77308.627505,1703.63,0.212359,1
77309.012677,1703.51,0.58608423,-1
77309.012677,1703.51,1.17373243,-1
77309.012677,1703.51,0.32998334,-1
77309.446289,1703.5,0.282708,1
77309.446289,1703.5,0.001,1
77309.628684,1703.32,0.02476071,1
77309.628684,1703.4,0.27063732,1
77309.628684,1703.4,0.001,1
77314.243125,1703.31,0.087504,-1
77320.096403,1703.4,0.07887346,1
77320.096403,1703.4,0.17,1
77322.168587,1703.41,0.88058658,-1
77326.039311,1703.59,0.00001986,1
77330.809539,1703.59,0.00120629,1
77330.809539,1703.59,0.36389971,1
77332.649159,1703.59,0.036644,-1
77336.897215,1703.58,0.13388785,1
77339.327697,1703.54,0.39367045,1
77339.327697,1703.58,0.00075304,1
77339.327697,1703.58,0.12040636,1
77340.091848,1703.7,0.001,-1
77340.082072,1703.64,0.88047075,-1
77340.082072,1703.6,2.78747241,-1
77340.082072,1703.6,0.001,-1
77340.082072,1703.59,0.02198927,-1
77340.322248,1703.76,0.43966039,-1
77340.322248,1703.76,0.12124961,-1
77341.64414,1703.71,0.218055,1
77347.86278,1703.8,0.001,-1
77347.86278,1703.78,0.88039775,-1
77347.86278,1703.77,0.05863327,-1
77353.183949,1703.72,0.058633,1
77353.891191,1703.72,0.058633,1
77355.017487,1703.72,0.001147,1
77356.083795,1703.73,0.27906405,1
77357.404235,1703.73,0.04209025,1
77359.173715,1703.74,0.04261461,-1
77360.95469,1703.73,0.05863258,1
77360.95469,1703.73,0.32784242,1
77363.811401,1703.75,0.217587,1
77364.242662,1703.75,0.225943,1
77370.857216,1703.72,0.02148987,1
77370.857216,1703.77,0.00084226,1
77371.573893,1703.74,0.113488,1
77372.070133,1703.71,0.02851847,-1
77372.289833,1703.71,0.03738859,1
77372.289833,1703.71,0.5325893,1
77374.035989,1703.72,0.02208045,-1
77377.625587,1703.8,0.113554,1
77378.841604,1703.78,0.08551,1
77381.265506,1703.82,0.01665554,-1
77381.842609,1703.81,0.00075173,1
77381.842609,1703.81,0.09388427,1
77383.900445,1703.6,0.00249807,1
77383.900445,1703.6,0.001,1
77383.900445,1703.61,0.0586213,1
77383.900445,1703.81,0.00000059,1
77383.82162,1703.81,0.101532,1
77387.666055,1703.61,0.00292906,1
77390.794173,1703.6,0.02964293,1
77393.110185,1703.68,0.113575,1
77394.897443,1703.81,0.00078427,1
77394.897443,1703.81,0.09559973,1
77394.928436,1703.81,0.095599,1
77395.488695,1703.81,0.117325,1
77396.597829,1703.74,0.01596868,-1
77397.8534,1703.71,0.003334,1
77397.846395,1703.7,0.0055,1
77397.838455,1703.7,0.02667551,1
77398.339655,1703.78,0.07794319,-1
77402.216533,1703.64,0.5123111,1
77402.216533,1703.71,0.09497888,1
77402.216533,1703.71,0.28195983,1
77402.418046,1703.72,0.00000586,1
77402.644657,1703.64,0.0587034,1
77404.904013,1703.72,0.111625,1
77405.223888,1703.74,0.00542162,-1
77405.357467,1703.73,0.145142,1
77407.1623,1703.69,0.25718,-1
77409.331626,1703.73,0.055812,1
77411.687877,1703.63,0.027906,1
77412.512616,1703.61,0.00105521,1
77412.512616,1703.61,0.01395379,1
77412.922561,1703.61,0.006976,1
77413.020059,1703.61,0.00348711,1
77413.020059,1703.61,0.00000089,1
77413.419168,1703.6,0.55758232,1
77413.419168,1703.6,0.001,1
77413.902077,1703.6,0.02560123,1
77415.585244,1703.61,0.03278278,-1
77416.035535,1703.6,0.18670338,1
77416.035535,1703.6,2.41681645,1
77416.259128,1703.5,0.222472,1
77416.259128,1703.5,0.001,1
77416.423457,1703.4,0.188887,1
77416.423457,1703.4,0.001,1
77417.995656,1703.48,0.8805504,-1
77417.995656,1703.47,0.5982551,-1
77420.348902,1703.58,0.01162238,-1
77420.936186,1703.59,0.08820957,-1
77421.122133,1703.8,0.001,-1
77421.122133,1703.75,0.31746117,-1
77421.118623,1703.71,0.14675151,-1
77421.118623,1703.7,0.001,-1
77421.118623,1703.6,0.001,-1
77423.940324,1703.8,0.200488,1
77425.314564,1703.81,0.05811871,-1
77426.833004,1703.82,0.11855643,1
77432.566233,1704.08,0.26502354,-1
77432.566233,1704.04,0.01703437,-1
77432.566233,1704,0.001,-1
77432.566233,1703.9,0.001,-1
77432.566233,1703.83,0.00105592,-1
77437.69872,1704.17,0.62924135,-1
77437.69872,1704.1,0.001,-1
77440.374245,1704.19,0.00000586,1
77440.36202,1704.19,0.00391975,1
77442.3859,1704.2,0.00001173,-1
77442.711281,1704.28,0.02805581,-1
77442.711281,1704.2,0.00098827,-1
77446.34452,1704.27,0.276464,1
77446.563038,1704.26,0.002017,1
77448.406675,1704.23,0.138232,1
77451.117169,1704.27,0.034558,1
77458.522832,1704.3,0.00190442,-1
77458.522832,1704.3,0.001,-1
77460.596251,1704.24,0.00001153,1
77460.596251,1704.29,0.0000002,1
77460.562903,1704.29,0.506567,1
77460.534688,1704.29,0.0007518,1
77460.534688,1704.29,0.5065672,1
77463.981722,1704.13,1.17341811,1
77463.981722,1704.13,0.05860382,1
77463.964036,1704.21,1.17341811,1
77463.964036,1704.21,0.18324517,1
77463.964036,1704.24,0.29815388,1
77464.005662,1704.11,0.5,1
77466.213722,1704.01,0.05565446,-1
77467.240277,1704.01,0.00856368,-1
77467.637946,1704,0.0116156,1
77467.637946,1704,0.001,1
77470.260339,1704.16,0.00000586,1
77470.248253,1704.16,0.00275208,1
77472.149078,1704.15,0.083493,-1
77473.762495,1704.19,0.01458401,-1
77473.762495,1704.11,0.05860382,-1
77473.762495,1704.11,0.50779468,-1
77476.987742,1704.19,0.03323843,-1
77476.987742,1704.18,0.05860382,-1
77479.313673,1704.35,0.58549065,-1
77479.313673,1704.35,0.05501213,-1
77479.313673,1704.35,0.69901348,-1
77479.313673,1704.34,0.05860382,-1
77479.313673,1704.3,0.001,-1
77479.313673,1704.2,0.001,-1
77484.608271,1704.47,0.11031611,-1
77484.608271,1704.4,0.001,-1
77484.914643,1704.49,0.01452311,-1
77485.079407,1704.46,0.001539,1
77485.312218,1704.44,0.205753,1
77486.353119,1704.45,0.01002095,-1
77486.493865,1704.41,0.18385,1
77487.87641,1704.4,0.05565644,-1
77488.952265,1704.4,0.02032871,-1
77489.585692,1704.4,0.06993087,1
77490.131648,1704.41,0.04395952,-1
77491.260691,1704.42,0.0050868,-1
77491.260691,1704.41,0.0146443,-1
77492.238582,1704.49,0.00000586,1
77492.226178,1704.49,0.00610739,1
77499.140719,1704.89,1.06832766,-1
77499.140719,1704.87,1.17443261,-1
77499.140719,1704.85,0.00088013,-1
77499.140719,1704.8,0.18050781,-1
77499.140719,1704.8,0.001,-1
77499.140719,1704.79,0.967,-1
77499.140719,1704.78,5.87293897,-1
77499.140719,1704.78,1.17443261,-1
77499.140719,1704.76,2.64252031,-1
77499.140719,1704.76,1.17330212,-1
77499.140719,1704.7,0.153,-1
77499.140719,1704.7,0.001,-1
77499.140719,1704.68,0.87993261,-1
77499.140719,1704.67,1.17443261,-1
77499.140719,1704.65,0.05860382,-1
77499.140719,1704.6,0.001,-1
77499.140719,1704.5,0.001,-1
77499.774651,1704.68,0.396367,1
77501.672307,1704.95,0.00871154,-1
77501.650007,1704.96,0.00671154,-1
77501.650007,1704.9,0.001,-1
77501.650007,1704.7,0.001,-1
77501.843109,1704.95,0.202539,1
77502.370254,1704.94,0.5911926,1
77502.370254,1704.94,0.00102535,1
77503.143563,1704.95,0.00580776,-1
77505.318638,1704.97,0.04958855,-1
77506.528942,1705.09,0.013252,-1
77506.528942,1705,0.001,-1
77506.720279,1705.01,0.02849857,-1
77508.269435,1705.06,0.20675017,-1
77508.979556,1705.09,0.02781356,-1
77510.536747,1705.03,0.02980754,1
77511.596547,1705.02,0.00556329,-1
77515.470742,1705,0.06233381,1
77515.470742,1705,0.145,1
77517.492721,1705.01,0.02781192,-1
77517.577434,1705,0.11753013,1
77517.577434,1705,0.145,1
77517.577434,1705,0.00075367,1
77517.577434,1705,0.14779973,1
77517.527407,1705,0.01399124,1
77518.284061,1705.01,0.05807542,-1
77518.465378,1705,0.10610189,1
77519.325796,1705.06,0.21228603,1
77519.325796,1705.06,0.14661897,1
77519.892941,1704.98,0.16091914,1
77519.892941,1704.98,0.22080128,1
77520.081078,1704.98,0.27815063,-1
77520.776178,1704.99,0.03059401,-1
77523.637148,1705.22,1,-1
77523.637148,1705.2,0.001,-1
77523.637148,1705.1,0.001,-1
77523.837483,1705.37,0.00134227,-1
77523.837483,1705.3,0.001,-1
77524.273637,1705.45,0.01761617,-1
77524.273637,1705.4,0.001,-1
77524.273637,1705.37,0.00417983,-1
77524.73448,1705.56,0.01059081,-1
77524.73448,1705.5,0.001,-1
77524.73448,1705.47,0.01074365,-1
77524.73448,1705.45,0.00547763,-1
77525.54137,1705.47,0.00776545,1
77525.73169,1705.48,0.80895985,-1
77525.718546,1705.48,0.19104015,-1
77525.718546,1705.48,0.77108,-1
77526.818974,1705.7,0.00380594,-1
77526.818974,1705.7,0.001,-1
77526.818974,1705.6,0.001,-1
77526.934922,1706,1.63386008,-1
77526.934922,1705.96,0.17215999,-1
77526.934922,1705.94,0.048,-1
77526.934922,1705.9,0.152,-1
77526.934922,1705.9,0.001,-1
77526.934922,1705.89,0.05860382,-1
77526.934922,1705.8,0.001,-1
77526.932382,1705.78,0.68186152,-1
77526.988067,1706,0.06675403,-1
77527.114653,1705.81,0.058603,1
77528.114908,1705.81,0.00001062,-1
77528.776106,1705.9,0.70021627,-1
77528.772327,1705.81,0.22892,-1
77528.772327,1705.81,0.05862318,-1
77529.070256,1705.92,0.03185498,1
77529.805853,1706.09,0.584225,-1
77529.805853,1706.09,0.02136832,-1
77529.803542,1706,0.001,-1
77529.803542,1706,0.8806708,-1
77529.80339,1706,1.88120896,-1
77529.820317,1706.14,0.87917911,-1
77529.820317,1706.1,0.001,-1
77530.083245,1706.6,0.001,-1
77530.069293,1706.5,0.152,-1
77530.069293,1706.49,0.37032894,-1
77530.062744,1706.5,0.001,-1
77530.060896,1706.45,0.967,-1
77530.060896,1706.43,0.87902921,-1
77530.060896,1706.4,0.001,-1
77530.060896,1706.3,0.001,-1
77530.060896,1706.2,0.001,-1
77530.199705,1706.72,0.99545248,-1
77530.199641,1706.72,0.00454752,-1
77530.199641,1706.7,0.001,-1
77530.217898,1707.3,0.152,-1
77530.217898,1707.3,0.001,-1
77530.217898,1707.2,0.152,-1
77530.217898,1707.2,0.001,-1
77530.217898,1707.1,0.001,-1
77530.211792,1707,0.001,-1
77530.207405,1706.97,0.15065306,-1
77530.206921,1706.97,0.84934694,-1
77530.206921,1706.9,0.001,-1
77530.206921,1706.8,0.001,-1
77531.001504,1706.91,0.54663524,-1
77531.001267,1706.91,0.25945625,-1
77531.792342,1707,1,1
77532.159418,1706.78,0.93779663,1
77532.159418,1706.78,0.58602992,1
77532.159418,1706.8,0.12175156,1
77532.156753,1706.8,0.87824844,1
77533.010767,1706.71,0.38116006,-1
77533.365353,1706.71,0.00580754,-1
77534.632132,1706.71,0.00405825,-1
77535.194881,1706.71,0.02277102,-1
77535.336141,1706.7,0.151681,1
77535.336141,1706.7,0.001,1
77535.990327,1706.71,0.00281876,-1
77536.812518,1706.7,0.00108799,1
77536.812518,1706.7,0.00120327,1
77536.812518,1706.7,0.00000099,1
77538.310831,1706.7,0.11730584,1
77538.225812,1706.7,0.00887678,1
77539.375174,1706.6,0.18335911,1
77539.375174,1706.6,0.001,1
77539.553134,1706.51,0.01132701,-1
77539.784212,1706.4,0.01856,1
77539.784212,1706.4,0.001,1
77539.71828,1706.5,0.00000001,1
77539.716545,1706.5,0.14746894,1
77539.716545,1706.5,0.001,1
77539.807757,1706.4,0.10263859,1
77540.068683,1706.3,0.121008,1
77540.068683,1706.3,0.001,1
77540.164783,1706.31,0.00562719,-1
77542.200105,1706.21,0.02899977,-1
77545.156769,1706.1,0.00018681,1
77545.156769,1706.1,0.001,1
77545.156769,1706.13,0.24071612,1
77545.156769,1706.2,0.24513237,1
77545.156769,1706.2,0.001,1
77552.69013,1706.21,0.16282949,-1
77553.623894,1706.21,0.04054242,-1
77554.506342,1706.21,0.02778829,-1
77555.107312,1706.21,0.02847785,-1
77555.712306,1706.21,0.21554949,-1
77555.715551,1706.21,0.04168336,-1
77556.291213,1706.2,0.05792567,1
77556.936522,1706.21,0.14650013,-1
77557.354262,1706.29,0.09540076,1
77557.354262,1706.29,0.00129424,1
77558.216467,1706.26,0.0272418,-1
77558.802569,1706.25,0.00058023,-1
77559.393655,1706.25,0.082089,1
77560.736695,1706.23,0.1576419,-1
77562.170893,1706.31,0.08469577,-1
77562.170893,1706.27,0.87911057,-1
77562.170893,1706.25,0.05860382,-1
77562.753033,1706.29,0.05918893,-1
77562.753033,1706.29,0.08457236,-1
77563.455347,1706.27,0.00832066,-1
77563.455347,1706.27,0.02431602,-1
77563.455347,1706.27,0.02431602,-1
77563.759721,1706.27,0.01450541,-1
77564.599814,1706.4,0.48582728,-1
77564.599814,1706.4,0.55975928,-1
77564.599814,1706.4,0.001,-1
77564.599814,1706.37,0.29304373,-1
77564.599814,1706.37,0.82129826,-1
77564.599652,1706.37,0.35079558,-1
77564.599259,1706.28,0.87910542,-1
77564.599259,1706.27,0.03577775,-1
77564.613929,1706.4,0.06076462,-1
77564.613929,1706.4,0.10219189,-1
77564.77443,1706.54,0.13187596,-1
77564.77443,1706.5,0.001,-1
77564.830283,1706.54,0.01423893,-1
77566.793508,1706.58,0.05101003,-1
77566.793508,1706.57,0.05860382,-1
77566.793508,1706.54,0.04128763,-1
77567.493259,1706.58,0.01138965,-1
77567.594465,1707.09,0.111832,-1
77567.594465,1707.06,0.048,-1
77567.594465,1707,0.001,-1
77567.594465,1707,0.152,-1
77567.594465,1706.97,0.116208,-1
77567.594465,1706.9,0.001,-1
77567.594465,1706.9,0.13949434,-1
77567.592933,1706.9,0.01250566,-1
77567.592933,1706.8,0.001,-1
77567.592933,1706.7,0.001,-1
77567.560993,1706.6,0.001,-1
77567.560993,1706.58,0.05860382,-1
77567.560993,1706.58,0.81655592,-1
77567.617661,1706.81,0.204143,1
77568.806019,1706.87,0.00565423,-1
77568.806019,1706.85,0.05860382,-1
77568.806019,1706.84,0.03647402,-1
77568.806019,1706.84,0.03647403,-1
77570.272351,1706.78,0.00075166,1
77570.272351,1706.78,0.27287381,1
77570.272351,1706.8,0.56352596,1
77570.429349,1706.6,0.098486,1
77570.423068,1706.6,0.05351396,1
77570.423068,1706.6,0.001,1
77570.423068,1706.64,0.56310607,1
77570.863809,1706.64,0.01993612,-1
77574.8614,1706.89,0.16903923,-1
77575.295586,1706.89,0.05557132,-1
77575.436382,1706.91,0.01253373,-1
77575.436382,1706.9,0.001,-1
77576.386342,1706.89,0.05801076,-1
77577.737347,1706.89,0.04442817,-1
77577.903652,1707,0.07363287,-1
77577.903652,1706.99,0.05860382,-1
77577.903652,1706.98,0.09320944,-1
77577.877164,1706.95,0.12247871,-1
77577.877164,1706.94,0.10296587,-1
77578.293362,1706.9,0.09228442,1
77578.995115,1706.73,0.058603,1
77578.96024,1706.85,0.085314,1
77579.706684,1706.79,0.08454,1
77579.738125,1706.74,0.87886848,-1
77579.882342,1706.74,4.40214,-1
77579.876145,1706.79,0.109553,1
77580.206213,1706.7,0.001,1
77580.204786,1706.73,0.1571407,1
77581.356135,1706.6,0.101606,1
77581.356135,1706.6,0.001,1
77586.069859,1706.7,0.00096,1
77586.069859,1706.7,0.152,1
77586.565904,1706.74,0.0275255,-1
77586.565904,1706.73,0.05860382,-1
77586.949705,1706.72,0.11599909,-1
77589.744542,1706.84,0.02208382,-1
77589.744542,1706.8,0.001,-1
77589.851876,1706.84,0.0029003,-1
77590.440422,1706.84,0.12394289,-1
77592.999066,1706.91,0.11567273,-1
77592.999066,1706.9,0.05860382,-1
77592.999066,1706.9,0.001,-1
77593.075867,1706.99,0.02277329,-1
77593.920798,1706.95,0.180254,1
77596.138957,1706.92,0.17956544,1
77597.054543,1706.86,0.14644434,-1
77600.067556,1706.84,0.13324279,-1
77600.797209,1706.84,0.19345171,1
77600.797209,1706.84,0.00084329,1
77602.076108,1706.83,0.178567,1
77603.836229,1706.83,0.00080442,1
77604.553333,1706.83,0.23447,1
77604.97232,1706.81,0.0305596,-1
77606.38362,1706.74,0.25006216,-1
77607.714261,1706.73,0.00236707,1
77610.352262,1706.74,0.02056168,-1
77611.176449,1706.73,0.22633,1
77611.15299,1706.74,0.19684979,-1
77611.289471,1706.73,0.00000062,1
77611.406582,1706.71,0.07224139,-1
77612.329573,1706.7,0.33886183,1
77612.329573,1706.7,0.001,1
77613.818226,1706.44,2.2288431,1
77613.818226,1706.45,1.46502974,1
77613.818226,1706.49,1.17173694,1
77613.818226,1706.5,0.001,1
77613.818226,1706.52,0.07321047,1
77613.818226,1706.56,0.03660523,1
77613.818226,1706.6,0.00075317,1
77613.818226,1706.6,0.28056574,1
77613.818226,1706.6,0.001,1
77614.8667,1706.5,0.00074202,-1
77616.593667,1706.5,1,-1
77617.773587,1706.57,0.11660816,-1
77618.24027,1706.56,0.00000585,1
77618.228045,1706.56,0.01522946,1
77619.218722,1706.56,0.00120452,-1
77619.218722,1706.56,0.04442148,-1
77621.128618,1706.76,0.01067088,-1
77621.128618,1706.7,0.001,-1
77624.604051,1706.81,0.05757711,-1
77624.604051,1706.8,0.001,-1
77625.630953,1706.81,0.02846868,-1
77626.209975,1706.81,0.02451488,-1
77626.209975,1706.81,0.06250534,-1
77626.281768,1706.84,0.14145077,-1
77626.281768,1706.83,0.05860382,-1
77626.281768,1706.81,0.02504268,-1
77626.364995,1706.89,0.00041453,-1
77626.645455,1706.86,0.00580046,-1
77627.130839,1706.86,0.01276065,-1
77627.457752,1706.87,0.01553772,-1
77627.457752,1706.86,0.04004271,-1
77627.83885,1706.84,0.288894,1
77628.389753,1706.85,0.00853828,-1
77628.437026,1706.85,0.05417347,-1
77628.625842,1706.85,0.02846785,-1
77628.844711,1706.85,0.0074826,-1
77629.164569,1706.85,0.0087007,-1
77629.293983,1706.85,0.04528562,-1
77629.293983,1706.85,0.1391383,-1
77630.000225,1706.84,0.00090198,1
77630.000225,1706.84,0.39829577,1
77630.000225,1706.84,0.144447,1
77630.000225,1706.84,0.21667097,1
77630.000225,1706.84,0.07222365,1
77630.000225,1706.84,0.00000063,1
77630.17458,1706.83,0.00555669,-1
77631.124639,1706.85,0.27898992,-1
77631.237019,1706.88,0.00348018,-1
77631.790134,1706.85,0.00565529,-1
77631.914126,1706.85,0.00262572,-1
77631.914126,1706.85,0.05294853,-1
77632.203507,1706.85,0.01040948,-1
77632.487227,1706.86,0.05557262,-1
77632.476863,1706.86,0.08377821,-1
77632.476863,1706.85,0.05860382,-1
77632.476863,1706.85,0.1422864,-1
77633.333809,1706.82,1.31917893,1
77633.333809,1706.82,0.20157466,1
77633.333809,1706.83,0.46567863,1
77633.333809,1706.83,0.17808305,1
77633.333809,1706.83,0.17808304,1
77635.51126,1706.81,0.08876052,1
77635.443935,1706.82,0.02787413,-1
77636.982238,1706.8,0.79144802,-1
77636.982238,1706.8,0.16523353,-1
77636.982238,1706.71,0.46629721,-1
77637.030451,1706.78,0.00275522,-1
77638.370206,1706.73,0.01334878,-1
77638.626379,1706.72,0.00642293,1
77643.298969,1706.73,0.05557229,-1
77644.399269,1706.73,0.22491567,-1
77644.782113,1706.77,0.05557587,-1
77646.154654,1706.76,0.3702554,1
77646.154654,1706.76,0.0009936,1
77647.151057,1706.75,0.05857917,-1
77648.340508,1706.72,0.03095182,-1
77648.316058,1706.72,0.02925494,-1
77651.097779,1706.71,0.2149,1
77651.091267,1706.71,0.01420364,1
77651.091267,1706.71,0.05860382,1
77651.091267,1706.72,0.39512091,1
77651.20558,1706.72,0.019147,-1
77652.030931,1706.71,0.08335798,-1
77652.60283,1706.7,0.21419959,1
77652.60283,1706.7,0.145,1
77653.528412,1706.7,0.00704492,1
77653.943384,1706.71,0.01667044,-1
77654.021572,1706.79,0.03741526,-1
77654.316088,1706.63,1.10651046,1
77654.316088,1706.68,0.19149474,1
77654.316088,1706.7,1.17182177,1
77654.316088,1706.71,0.01870763,1
77654.316088,1706.71,0.35534455,1
77654.316088,1706.71,0.05860382,1
77654.316088,1706.71,0.20713396,1
77654.66816,1706.7,0.04060396,-1
77655.071126,1706.69,0.00059178,1
77655.771851,1706.69,0.19959157,1
77660.611073,1706.8,0.11292,1
77661.227519,1706.77,0.00011021,-1
77662.78364,1706.77,0.25009,-1
77662.845437,1706.77,0.056515,1
77663.033846,1706.77,0.027927,-1
77663.543041,1706.77,0.13973257,-1
77663.700563,1706.89,0.02247678,-1
77663.651572,1706.9,0.00737358,-1
77663.651572,1706.9,0.001,-1
77663.651572,1706.89,0.05860382,-1
77663.651572,1706.81,0.1553216,-1
77663.995733,1706.83,0.001142,1
77664.081407,1706.82,0.194997,1
77664.031151,1706.83,0.22773938,-1
77665.38961,1706.82,0.05829708,-1
77665.38961,1706.81,0.05860382,-1
77668.600248,1706.82,0.11432272,-1
77668.600248,1706.81,0.05860382,-1
77668.686837,1706.9,0.03782819,-1
77668.686837,1706.82,0.1553216,-1
77669.169626,1706.81,0.083664,1
77670.284119,1706.8,0.00000585,1
77670.270509,1706.8,0.00968479,1
77671.62018,1706.82,0.16466827,-1
77671.62018,1706.81,0.05860382,-1
77672.086831,1706.81,0.062748,1
77672.511576,1706.81,0.15559869,-1
77673.053072,1706.8,0.22625064,1
77673.053072,1706.8,0.13530936,1
77674.358007,1706.79,0.02222093,-1
77677.302987,1706.79,0.05857779,-1
77677.665003,1706.79,0.19204259,-1
77677.74958,1706.86,0.011765,1
77677.718329,1706.82,0.04706101,1
77677.718329,1706.82,0.04706199,1
77677.905047,1706.97,0.00081308,1
77679.060047,1706.97,0.02775473,-1
77679.39418,1706.97,0.17810669,-1
77679.39418,1706.97,0.1553216,-1
77680.699978,1706.97,0.19508167,-1
77682.253869,1706.96,0.00000585,1
77682.24112,1706.96,0.00478628,1
77682.718094,1706.97,0.16749137,-1
77683.444066,1706.96,0.239976,1
77683.55562,1706.97,0.05835164,-1
77684.058748,1706.95,0.186251,1
77685.146197,1706.91,0.02321665,-1
77687.592583,1706.91,0.02846518,-1
77688.583631,1708.25,5.57196189,-1
77688.583631,1708.24,3.52359783,-1
77688.583631,1708.23,6.21520898,-1
77688.583631,1708.23,1.17443261,-1
77688.583631,1708.23,0.70173327,-1
77688.583631,1708.22,1,-1
77688.583631,1708.2,0.001,-1
77688.583631,1708.16,0.70236022,-1
77688.583631,1708.15,3.41290478,-1
77688.583631,1708.15,1.17443261,-1
77688.583631,1708.13,5.57196189,-1
77688.583631,1708.11,0.70236022,-1
77688.583631,1708.1,0.384,-1
77688.583631,1708.1,0.001,-1
77688.583631,1708.09,0.17564917,-1
77688.583631,1708.09,3.52359783,-1
77688.583631,1708.08,0.66022742,-1
77688.583631,1708.03,0.43952864,-1
77688.583631,1708.01,1.17443261,-1
77688.583631,1708,0.001,-1
77688.583631,1707.97,1,-1
77688.583631,1707.97,3.52359783,-1
77688.583631,1707.96,5.57196189,-1
77688.583631,1707.95,6.51389347,-1
77688.583631,1707.94,1.17443261,-1
77688.583631,1707.91,0.00088003,-1
77688.583631,1707.9,0.001,-1
77688.583631,1707.86,1.09732908,-1
77688.583631,1707.85,0.65622784,-1
77688.583631,1707.83,1.17443261,-1
77688.583631,1707.82,1.53760472,-1
77688.583631,1707.81,1.46429673,-1
77688.583631,1707.8,0.001,-1
77688.583631,1707.78,3.52359783,-1
77688.583631,1707.78,5.57196189,-1
77688.583631,1707.77,6.13178242,-1
77688.583631,1707.76,1.17443261,-1
77688.583631,1707.75,0.192,-1
77688.583631,1707.72,1,-1
77688.583631,1707.7,0.001,-1
77688.583631,1707.68,1.17443261,-1
77688.583631,1707.67,0.62190878,-1
77688.583631,1707.67,0.70173327,-1
77688.583631,1707.61,1.17443261,-1
77688.583631,1707.61,2.25793154,-1
77688.583631,1707.61,0.70236022,-1
77688.583631,1707.6,1.34842471,-1
77688.583631,1707.6,0.001,-1
77688.583631,1707.58,4.730029,-1
77688.583631,1707.57,6.09786431,-1
77688.583631,1707.56,0.99413057,-1
77688.583631,1707.56,3.52359783,-1
77688.583631,1707.55,20.615,-1
77688.583631,1707.54,1.17443261,-1
77688.583631,1707.5,0.81522986,-1
77688.583631,1707.5,0.17768,-1
77688.583631,1707.5,0.001,-1
77688.583631,1707.49,11.93493875,-1
77688.583631,1707.49,2.91139613,-1
77688.583631,1707.49,1.09165941,-1
77688.583631,1707.46,5.57196189,-1
77688.583631,1707.46,0.2,-1
77688.583631,1707.46,0.1,-1
77688.583631,1707.45,1.17443261,-1
77688.583631,1707.44,0.4,-1
77688.583631,1707.44,0.1,-1
77688.583631,1707.44,0.2,-1
77688.583631,1707.42,0.048,-1
77688.583631,1707.41,0.05852077,-1
77688.583631,1707.4,0.00087881,-1
77688.583631,1707.4,0.001,-1
77688.583631,1707.39,1.52330722,-1
77688.583631,1707.39,2.82224113,-1
77688.583631,1707.39,3.26003983,-1
77688.583631,1707.38,3.52359783,-1
77688.583631,1707.37,1.17443261,-1
77688.583631,1707.32,0.096,-1
77688.583631,1707.31,3.28323313,-1
77688.583631,1707.3,1.17443261,-1
77688.583631,1707.3,0.001,-1
77688.583631,1707.27,5.57196189,-1
77688.583631,1707.26,3.52359783,-1
77688.583631,1707.25,4.04142028,-1
77688.583631,1707.22,0.950412,-1
77688.583631,1707.2,0.001,-1
77688.583631,1707.2,0.152,-1
77688.583631,1707.19,0.966,-1
77688.583631,1707.18,1.17443261,-1
77688.583631,1707.17,1.17169107,-1
77688.583631,1707.16,1.99276065,-1
77688.583631,1707.15,5.57196189,-1
77688.583631,1707.1,0.001,-1
77688.583631,1707.1,0.152,-1
77688.583631,1707.09,1.17443261,-1
77688.583631,1707.06,0.19180112,-1
77688.583631,1707.05,0.05860382,-1
77688.583631,1707,0.001,-1
77688.583631,1706.97,0.1553216,-1
77688.583631,1706.92,0.29291326,-1
77688.554418,1706.91,0.14725912,-1
77688.583631,1708.61,1.87606094,-1
77688.583631,1708.6,0.001,-1
77688.583631,1708.6,5.57196189,-1
77688.583631,1708.56,6.415903,-1
77688.583631,1708.56,3.52359783,-1
77688.583631,1708.5,0.001,-1
77688.583631,1708.49,0.02950638,-1
77688.583631,1708.48,0.01954587,-1
77688.583631,1708.42,0.00087962,-1
77688.583631,1708.4,0.001,-1
77688.583631,1708.4,5.57196189,-1
77688.583631,1708.39,2.44437622,-1
77688.583631,1708.38,1.18593234,-1
77688.583631,1708.37,1.17443261,-1
77688.583631,1708.35,3.52359783,-1
77688.583631,1708.34,6.92371603,-1
77688.583631,1708.3,0.001,-1
77688.583631,1708.29,0.0142495,-1
77688.583631,1708.26,27.65977474,-1
77688.744786,1707.39,0.19258,-1
77688.720246,1707.21,1.17169107,-1
77688.840831,1707.39,0.08799,-1
77688.840463,1707.39,0.0289,-1
77689.184591,1707.47,0.03046916,1
77689.184591,1707.47,0.00000084,1
77689.154521,1707.47,0.060939,1
77689.336449,1707.59,0.015235,1
77690.001343,1707.59,0.0579975,-1
77690.084685,1707.58,0.14645592,1
77690.084685,1707.58,0.04270708,1
77690.125653,1707.58,0.04227929,1
77690.125653,1707.58,0.00000071,1
77691.696578,1707.59,0.00579975,-1
77691.794658,1707.59,0.01862603,-1
77691.794658,1707.59,0.17514122,-1
77692.077087,1707.59,0.10810134,-1
77692.077087,1707.59,0.05860382,-1
77692.044034,1707.59,0.14233171,-1
77693.146628,1707.59,0.01423309,-1
77693.42205,1707.58,0.11712376,1
77693.42205,1707.58,0.00000072,1
77693.693188,1707.59,0.04269926,-1
77693.807115,1707.59,0.14918228,-1
77694.081026,1707.59,0.000435,-1
77694.98601,1707.59,0.05781191,-1
77695.111194,1707.59,0.82061909,-1
77695.166883,1707.74,0.152,1
77695.13679,1707.79,0.00915363,1
77695.13679,1707.79,0.00457707,1
77695.13679,1707.79,0.0183083,1
77695.256375,1707.79,0.020597,1
77695.691128,1707.58,0.041857,1
77695.663103,1707.66,1.46399166,1
77695.662965,1707.64,0.37219607,1
77695.662965,1707.64,0.00105137,1
77695.65792,1707.7,1.36281845,1
77695.65792,1707.76,0.08371441,1
77697.996857,1707.59,0.0254502,-1
77698.249555,1707.68,0.005149,1
77698.228625,1707.59,0.00000001,-1
77698.228625,1707.59,0.07447534,-1
77698.228607,1707.59,0.07447535,-1
77699.386499,1707.68,0.00257441,1
77699.386499,1707.68,0.0051493,1
77699.386499,1707.68,0.00000029,1
77699.696727,1707.65,0.001931,1
77699.618984,1707.65,0.003862,1
77699.803012,1707.59,0.058603,1
77699.731118,1707.64,0.2069589,1
77700.674578,1707.58,0.00000585,1
77700.663585,1707.58,0.00095435,1
77700.663585,1707.58,0.00000021,1
77701.351079,1707.58,0.00374212,1
77703.592735,1707.59,0.11532552,-1
77703.592735,1707.59,0.05860382,-1
77704.912974,1707.59,0.11929035,-1
77704.912974,1707.59,0.08114148,-1
77705.755221,1707.58,0.00059733,1
77706.014194,1707.59,0.00501086,-1
77707.937584,1707.59,0.19322245,-1
77708.574113,1707.58,0.146442,1
77708.54574,1707.58,0.00075076,1
77708.54574,1707.58,0.04060149,1
77708.54574,1707.58,0.18938775,1
77708.638662,1707.58,0.042945,1
77709.71763,1707.58,0.02470925,-1
77709.71763,1707.58,0.05860382,-1
77710.946244,1707.58,0.01332,1
77711.458416,1707.6,0.05856173,-1
77711.458416,1707.6,0.4801037,-1
77711.458218,1707.6,0.39832216,-1
77711.458218,1707.6,0.14034327,-1
77712.507653,1707.63,0.00057977,-1
77712.806477,1707.92,0.00333,1
77712.79458,1707.91,0.00087869,-1
77712.79458,1707.9,0.07824325,-1
77712.794492,1707.9,0.07707835,-1
77712.794492,1707.9,0.001,-1
77712.794492,1707.89,0.00847041,-1
77712.794492,1707.87,1.17124994,-1
77712.794492,1707.86,1.46399166,-1
77712.794369,1707.8,0.001,-1
77712.794332,1707.71,0.16900754,-1
77712.794332,1707.63,1.11717894,-1
77712.794332,1707.63,0.87841042,-1
77712.794332,1707.63,0.05860382,-1
77712.794332,1707.63,0.4184677,-1
77712.861941,1707.9,0.168,1
77713.064091,1707.95,0.002497,1
77713.014884,1707.95,0.00351204,1
77713.014884,1707.95,0.00148296,1
77713.11308,1707.97,0.001249,1
77713.568926,1707.94,0.040195,1
77714.496554,1707.86,0.03979305,1
77714.496554,1707.86,0.08039095,1
77714.462866,1707.9,0.176,1
77714.437205,1707.9,0.176,1
77714.437205,1707.94,0.00000048,1
77714.437205,1707.99,10.38386709,1
77714.427596,1707.99,3.16908474,1
77714.427596,1707.99,0.00062472,1
77715.342434,1707.84,1.46383736,1
77715.342434,1707.84,0.05860382,1
77715.342434,1707.84,0.23474485,1
77715.339664,1707.86,0.00000047,1
77716.216888,1707.78,0.01216137,1
77716.216888,1707.78,0.22179981,1
77716.591314,1707.63,0.03859168,1
77716.589739,1707.64,0.1464026,1
77716.589739,1707.65,0.07718336,1
77716.589739,1707.68,0.58120666,1
77716.589739,1707.73,0.1464026,1
77716.585336,1707.7,0.64081631,1
77716.585336,1707.7,0.001,1
77716.585336,1707.77,0.1591741,1
77716.570217,1707.78,0.22179981,1
77716.570217,1707.78,1.171061,1
77716.570217,1707.78,0.04644245,1
77716.606092,1707.6,0.001,1
77716.600589,1707.61,0.81845471,1
77716.791808,1707.5,0.001,1
77718.283641,1707.4,0.05748181,1
77718.283641,1707.4,0.001,1
77718.936855,1707.39,0.03129397,-1
77722.875199,1707.37,0.01159339,-1
77723.200107,1707.37,0.01396833,-1
77723.285024,1707.37,0.01110699,-1
77723.460024,1707.36,0.00030303,1
77724.486425,1707.36,0.00075133,1
77724.486425,1707.36,0.16750901,1
77724.568283,1707.32,0.058603,1
77726.027075,1707.65,0.43018449,-1
77726.027075,1707.6,0.001,-1
77726.027075,1707.55,0.19552874,-1
77726.027075,1707.53,0.59968763,-1
77726.027075,1707.52,0.05860382,-1
77726.027075,1707.42,0.1553216,-1
77726.027075,1707.41,0.87852361,-1
77727.491782,1707.46,0.261113,1
77731.387426,1707.47,0.01366021,-1
77731.671796,1707.46,0.279157,1
77734.754675,1707.46,0.02845684,-1
77736.147766,1707.47,0.18093512,-1
77737.340577,1707.49,0.02944251,-1
77739.170504,1707.48,0.18999257,-1
77739.387826,1707.47,0.00797767,1
77740.158983,1707.48,0.00114,1
77741.191724,1707.48,0.16922452,-1
77741.359171,1707.5,0.300156,1
77744.217459,1707.51,0.20248677,-1
77744.436587,1707.5,0.20767092,1
77744.856112,1707.53,0.00144948,-1
77745.052741,1707.53,0.00289896,-1
77745.232609,1707.53,0.00449339,-1
77746.055716,1707.54,0.03054976,-1
77747.034422,1707.54,0.43922836,-1
77747.033931,1707.54,0.43922836,-1
77747.205389,1707.79,0.00312091,1
77747.205389,1707.79,0.07503909,1
77747.201492,1707.7,0.001,-1
77748.187807,1707.8,0.43966149,-1
77748.186125,1707.8,0.43866149,-1
77748.186125,1707.8,0.001,-1
77748.436469,1707.9,0.43913577,-1
77748.436082,1707.9,0.43913577,-1
77748.432513,1707.9,0.00000001,-1
77748.432513,1707.9,0.09918501,-1
77748.432448,1707.9,0.09818502,-1
77748.432448,1707.9,0.001,-1
77748.793286,1708,0.00000585,-1
77749.054769,1707.96,0.056279,1
77749.026992,1707.99,0.05627869,1
77749.026992,1707.99,0.05627931,1
77749.628197,1707.92,0.02814,1
77749.749195,1707.92,0.00703487,1
77749.749195,1707.92,0.00000013,1
77749.722062,1707.92,0.01407,1
77749.860933,1707.92,0.00175819,1
77749.860933,1707.92,0.00175881,1
77750.016585,1707.93,0.0015944,-1
77750.256004,1707.93,0.23221756,-1
77750.833042,1707.94,0.00035539,-1
77752.31393,1708.12,0.00365695,-1
77752.31393,1708.1,0.001,-1
77752.31393,1708,0.00099415,-1
77752.242989,1707.94,0.002556,1
77752.241926,1707.95,0.43912292,-1
77752.241613,1707.95,0.43912293,-1
77752.2381,1707.94,0.18285262,-1
77752.2381,1707.94,0.17699162,-1
77752.237956,1707.94,0.30398166,-1
77752.237956,1707.94,0.05586258,-1
77752.436197,1708.03,0.00063884,1
77752.436197,1708.03,0.00063916,1
77753.274319,1708.03,0.1810356,-1
77753.320145,1708.03,0.04035731,-1
77753.320145,1708.03,0.0176059,-1
77754.539275,1708.03,0.00289841,-1
77755.29947,1708.03,0.13826569,-1
77755.29947,1708.03,0.01524519,-1
77756.32198,1708.03,0.01422417,-1
77757.212322,1708.03,0.00579702,-1
77757.711697,1707.93,1.451,1
77757.674399,1708.02,0.33342774,1
77757.673181,1708.02,0.07392523,1
77757.673181,1708.02,0.00075231,1
77757.673181,1708.02,0.07104536,1
77757.670352,1708.02,0.68022434,1
77757.655614,1708.02,0.6997303,1
77758.074021,1707.81,0.05831235,-1
77758.345916,1707.81,0.00275338,-1
77758.732875,1707.8,0.59184646,1
77758.732875,1707.8,0.001,1
77758.959336,1707.56,1.17106872,1
77758.959336,1707.57,1.46415886,1
77758.959336,1707.6,0.03587875,1
77758.959336,1707.6,0.001,1
77758.959336,1707.7,0.001,1
77760.147647,1707.63,0.28698773,1
77760.558173,1707.5,0.49569052,1
77760.558173,1707.5,0.001,1
77760.629377,1707.15,0.47732117,1
77760.629377,1707.2,0.001,1
77760.629377,1707.22,1.46415886,1
77760.629377,1707.22,0.03551997,1
77760.629377,1707.3,0.001,1
77760.629377,1707.4,0.001,1
77762.312471,1707.3,0.00106015,1
77762.328093,1707.3,0.00000585,1
77762.610432,1707.31,0.01499464,-1
77763.771436,1707.31,0.00579705,-1
77764.37425,1707.3,0.00000585,1
77765.696141,1707.31,0.00070617,-1
77768.246019,1707.3,0.34113906,1
77769.184082,1707.52,0.21828431,-1
77769.184082,1707.51,2.10465367,-1
77769.184082,1707.51,0.05867064,-1
77769.184082,1707.46,0.05850091,-1
77769.184082,1707.46,1.46415886,-1
77769.184082,1707.39,0.33996647,-1
77769.184082,1707.31,0.8570772,-1
77778.261192,1707.31,0.00000585,1
77778.249032,1707.31,0.00098986,1
77782.504988,1707.32,0.00231942,-1
77782.53025,1707.32,0.03130643,-1
77783.507005,1707.32,0.2016308,-1
77784.137782,1707.43,0.05642809,-1
77784.417717,1707.43,0.00555502,-1
77785.874244,1707.41,0.00186344,1
77785.874244,1707.41,0.34798456,1
77786.743872,1707.39,0.01166671,-1
77790.558833,1707.36,0.14857979,-1
77792.083047,1707.34,0.5428737,-1
77793.58242,1707.38,0.23066106,-1
77793.971269,1707.38,0.00277751,-1
77794.160281,1707.38,0.00277751,-1
77794.598594,1707.34,0.0844347,1
77794.598594,1707.35,0.00063933,1
77797.607335,1707.36,0.19282587,-1
77800.041845,1707.23,0.0585,1
77800.008204,1707.31,0.00000001,1
77800.007237,1707.31,0.01736063,1
77800.00193,1707.35,0.00074992,1
77800.00193,1707.35,0.45198674,1
77802.961864,1707.23,0.05798426,-1
77803.444292,1707.23,0.01444388,-1
77805.503521,1707.23,0.33012177,-1
77806.676287,1707.23,0.01136259,-1
77806.676287,1707.23,0.16967672,-1
77808.277994,1707.23,0.10147245,-1
77809.002345,1707.23,0.26943544,-1
77809.496324,1707.23,0.00057989,-1
77809.706572,1707.23,0.21969663,-1
77809.66232,1707.23,0.06111426,-1
77810.833237,1707.22,0.17611021,1
77812.260824,1707.23,0.0056539,-1
77812.451279,1707.23,0.01423042,-1
77813.785139,1707.45,0.95735925,-1
77813.785139,1707.44,0.05850091,-1
77813.785139,1707.32,0.17978043,-1
77813.785139,1707.23,0.85873191,-1
77813.86765,1707.23,0.00102327,1
77813.86765,1707.23,0.26619573,1
77814.067558,1707.23,0.017922,-1
77814.045378,1707.22,0.02236957,1
77814.692391,1707.21,0.018042,-1
77815.161807,1707.21,0.0056539,-1
77816.083021,1707.22,0.00611201,-1
77816.239451,1707.22,0.01423042,-1
77816.437657,1707.22,0.05692168,-1
77816.615485,1707.22,0.0056539,-1
77818.709466,1707.22,0.00057989,-1
77818.758105,1707.28,0.16405688,-1
77818.754999,1707.22,0.05798867,-1
77820.490911,1707.2,0.05850022,1
77820.490911,1707.2,0.30358478,1
77820.583144,1706.88,0.03516477,1
77821.228997,1706.66,0.02111368,-1
77821.718096,1706.56,0.0991235,1
77821.718096,1706.66,0.0108765,1
77822.248305,1706.59,0.03090626,1
77823.112488,1706.6,0.10246138,-1
77823.761602,1706.65,0.00271887,1
77823.761602,1706.65,0.00271913,1
77824.030502,1706.61,0.002719,1
77824.183297,1706.61,0.00067912,1
77824.183297,1706.61,0.00067988,1
77824.175923,1706.68,0.58584503,-1
77825.802504,1706.67,0.17956975,-1
77827.823696,1706.6,0.1392884,-1
77828.203615,1706.63,0.14795587,1
77829.137395,1706.57,0.09617155,1
77830.477401,1706.57,0.00516879,1
77831.853627,1706.74,0.18845136,-1
77833.584648,1706.6,0.02900538,-1
77833.91903,1706.56,0.001146,1
77834.875352,1706.53,0.19879563,-1
77836.76012,1706.58,0.00057997,-1
77836.902167,1706.58,0.15999939,-1
77838.258989,1706.57,0.00000585,1
77838.248142,1706.57,0.00079692,1
77839.543778,1706.58,0.0100065,-1
77839.921839,1706.58,0.19456313,-1
77840.052193,1706.57,0.399065,1
77840.983248,1706.55,0.21220873,-1
77843.747767,1706.48,0.00200073,-1
77844.234427,1706.48,0.0580111,-1
77844.628562,1706.47,0.338715,1
77846.827148,1706.38,0.00078178,1
77846.827148,1706.38,0.26623775,1
77846.950762,1706.28,0.2435658,1
77846.939082,1706.28,0.0471744,1
77847.49978,1705.65,0.034813,1
77848.407923,1705.23,0.031529,-1
77849.100884,1705.27,0.0585309,-1
77849.181889,1705.59,0.00006948,1
77849.340915,1705.66,0.22125402,-1
77849.340827,1705.66,0.17007088,-1
77849.340827,1705.66,0.05118315,-1
77850.284198,1705.86,0.010059,-1
77850.843799,1705.86,0.03854934,-1
77850.843799,1705.86,0.0484719,-1
77852.278305,1705.86,0.01389464,-1
77852.826475,1705.86,0.09891741,-1
77852.826475,1705.86,0.0585309,-1
77852.826475,1705.86,0.19400462,-1
77852.826475,1705.86,0.23467371,-1
77852.984768,1705.85,0.00009151,1
77855.255769,1705.84,0.014249,-1
77856.228963,1705.75,1.46415886,1
77856.228745,1705.81,1.4655794,1
77856.228279,1705.8,5.4592708,1
77856.227927,1705.8,0.54665053,1
77856.227654,1705.8,2.77841445,1
77856.225271,1705.87,0.24799236,1
77856.225271,1705.87,1.46552785,1
77856.225271,1705.87,0.32342282,1
77856.38584,1705.22,0.034464,1
77856.470351,1705.08,0.199999,1
77856.530033,1705.06,0.00063391,1
77856.530033,1705.08,0.00000077,1
77859.494945,1704.97,0.03560057,-1
77859.767699,1704.97,0.08545109,-1
77860.391919,1704.96,0.01111955,-1
77862.390405,1705,2,-1
77862.390405,1704.99,0.1553216,-1
77862.390405,1704.99,0.0585309,-1
77862.585795,1705.21,0.09994014,-1
77862.585612,1705.21,0.09994014,-1
77863.266498,1705.56,0.080855,1
77863.231288,1705.56,0.02021352,1
77863.231288,1705.56,0.04042785,1
77863.231288,1705.56,0.02021392,1
77863.231288,1705.56,0.08085571,1
77864.073917,1705.51,0.020214,1
77864.173994,1705.51,0.18845782,-1
77864.297866,1705.51,0.00000586,1
77864.282416,1705.5,0.00140134,1
77864.359254,1705.51,0.0909802,1
77864.464918,1705.52,0.02779856,-1
77865.637106,1705.27,0.001116,1
77865.743969,1705.3,0.00001172,-1
77866.499909,1705.28,0.16191906,-1
77867.776608,1705.08,0.18817244,-1
77867.952232,1705.09,0.5804415,-1
77868.523962,1705.13,0.180124,1
77868.671857,1705.07,0.080011,1
77868.856431,1705.07,0.261909,-1
77869.062728,1705.07,0.01219055,-1
77869.383215,1704.55,1.46415886,1
77869.383215,1704.61,4.7438747,1
77869.383215,1704.62,1.46415886,1
77869.383215,1704.81,0.5,1
77869.381088,1704.7,0.06274292,1
77869.381088,1704.79,0.12548584,1
77869.381088,1704.92,0.1536,1
77869.376117,1704.53,3.93636533,1
77869.376117,1704.55,7.73518124,1
77869.376117,1704.55,1.46415886,1
77869.376117,1704.56,4.7438747,1
77869.376117,1704.62,1.46415886,1
77869.376117,1704.64,0.0682407,1
77869.376117,1704.66,0.00087952,1
77869.376117,1704.69,0.03412035,1
77869.374745,1704.77,0.2,1
77869.374745,1704.78,2.23437921,1
77869.374549,1704.8,0.17768,1
77869.374549,1704.82,0.1,1
77869.374549,1704.86,0.77596843,1
77869.374517,1704.86,0.74816996,1
77869.374517,1704.87,0.0585309,1
77869.374517,1704.89,0.50894543,1
77869.374517,1704.91,0.8798114,1
77869.370452,1705.07,0.68286096,1
77869.370452,1705.1,3.35440637,1
77869.370329,1705.1,1.63725363,1
77869.370329,1705.11,1.46618106,1
77869.370329,1705.11,0.25097168,1
77869.417077,1704.5,0.1364814,1
77869.893172,1704.3,1,1
77870.998221,1704.08,0.45708265,-1
77870.998221,1704.06,0.17296809,-1
77870.998221,1704.06,0.88025069,-1
77870.998221,1704.06,1,-1
77870.998221,1704.06,0.0585309,-1
77870.998221,1704.06,0.56862853,-1
77871.002376,1704.08,0.32018495,-1
77871.002376,1704.08,0.54291735,-1
77871.729905,1704.34,1,-1
77871.729905,1704.33,0.88011574,-1
77871.729905,1704.33,0.0585309,-1
77871.729905,1704.32,1,-1
77873.120817,1704.54,0.10841865,-1
77873.531533,1704.54,0.05698209,-1
77874.283788,1704.54,0.00450248,-1
77874.948698,1704.54,0.29328733,-1
77875.324931,1704.54,0.14248029,-1
77875.796639,1704.54,0.00667648,-1
77876.047607,1704.54,0.0278098,-1
77876.021536,1704.54,0.0027587,-1
77876.395596,1704.54,0.01710943,-1
77877.967429,1704.53,0.00124165,1
77878.113161,1704.54,0.0043566,-1
77878.75375,1704.54,0.02156227,-1
77878.891166,1704.54,0.13915285,-1
77879.11159,1704.54,0.01881217,-1
77879.433484,1704.53,1.07734745,1
77879.433484,1704.53,0.23531938,1
77880.206736,1704.54,0.0928749,-1
77880.331618,1704.74,0.17715382,-1
77880.329124,1704.72,0.096,-1
77880.323503,1704.64,0.87995191,-1
77880.323503,1704.63,0.0585309,-1
77880.323503,1704.61,0.048,-1
77880.318418,1704.56,1,-1
77880.318418,1704.54,0.17952,-1
77880.318418,1704.54,0.00436,-1
77880.318418,1704.54,0.01711,-1
77880.318418,1704.54,0.03724,-1
77880.318418,1704.54,0.14248,-1
77880.318418,1704.54,0.29329,-1
77880.318418,1704.54,0.0045,-1
77880.318418,1704.54,0.05699,-1
77880.318418,1704.54,0.10841,-1
77880.318418,1704.54,0.06321596,-1
77880.771756,1704.98,0.20629,-1
77880.771756,1704.98,0.20629,-1
77880.769648,1704.98,0.27709384,-1
77880.7694,1704.98,0.27709385,-1
77880.766025,1704.98,0.20628622,-1
77880.765685,1704.98,0.20628622,-1
77880.711386,1704.98,0.03323987,-1
77880.711386,1704.96,1,-1
77881.019216,1705.24,0.315685,1
77882.126969,1705.21,0.0941,1
77882.31267,1705.15,0.05853,1
77882.465166,1705.03,0.0585533,-1
77882.415163,1705.02,0.121256,1
77882.778172,1705.01,0.093559,1
77883.675427,1705.05,0.05853001,1
77883.675427,1705.05,0.00105699,1
77886.240286,1705.06,1,-1
77886.240286,1705.06,0.87973443,-1
77887.968516,1705.12,0.00058062,-1
77888.593803,1705.12,0.22248541,-1
77889.299859,1705.14,0.22021483,-1
77889.285574,1705.14,0.77978517,-1
77889.285574,1705.12,0.1101044,-1
77889.285416,1705.12,0.1129556,-1
77889.285416,1705.12,0.77693397,-1
77891.036762,1705.33,0.087798,-1
77891.283398,1705.04,0.058572,1
77891.266534,1705.24,0.08622277,-1
77891.263602,1705.23,0.14661381,1
77891.250048,1705.32,0.146613,1
77892.301881,1705.01,0.092119,1
77892.569033,1705.04,1,-1
77892.569033,1705.02,1,-1
77892.569033,1705.02,0.87975507,-1
77892.609818,1705.23,0.06397323,-1
77893.025751,1705.22,0.138179,1
77893.787015,1704.74,0.06909,1
77894.813435,1704.67,0.00000586,-1
77894.801362,1704.67,0.00290262,-1
77896.314784,1704.67,0.04,-1
77897.186628,1704.72,0.02902664,-1
77899.257235,1704.81,0.16749238,-1
77900.36237,1704.99,0.00000586,1
77900.350207,1704.99,0.00131379,1
77900.646582,1705.01,0.14664711,1
77900.646582,1705.01,0.00102089,1
77901.513667,1704.85,0.27815856,-1
77903.810585,1704.84,0.09373892,1
77903.810585,1704.84,0.09373908,1
77906.776162,1704.78,0.00556323,-1
77907.802701,1704.78,0.87431844,-1
77907.900851,1704.96,0.011717,1
77910.791355,1705.12,0.05564042,-1
77911.351121,1705.11,0.18279092,1
77911.351121,1705.11,0.08788065,1
77911.987722,1705.16,0.00763781,-1
77911.987722,1705.15,0.048,-1
77912.084604,1705.15,0.02874025,1
77912.121989,1705.13,0.02197,1
77912.24791,1705.13,0.00000586,1
77912.235139,1705.13,0.00806374,1
77912.235139,1705.13,0.00000016,1
77912.529337,1705.13,0.00829408,1
77913.047993,1705.13,0.03059706,-1
77913.149845,1705.12,0.040071,1
77913.351374,1705.12,0.020036,1
77913.532362,1705.12,0.010018,1
77913.719916,1705.13,0.0055631,-1
77913.65241,1705.12,0.005009,1
77913.736344,1705.12,0.005286,1
77914.251092,1705.12,0.002643,1
77916.346526,1705.12,0.001321,1
77918.301762,1705.11,0.146618,1
77918.575584,1705.11,0.01390547,-1
77919.347715,1705.11,0.01502252,-1
77919.77583,1704.8,0.158,1
77919.735022,1705.01,4.18602455,1
77919.730754,1705.06,0.14661897,1
77919.725875,1705.1,0.00108496,1
77920.13036,1704.72,0.01499198,1
77920.13036,1704.73,0.00066148,1
77920.456908,1704.71,0.14334078,-1
77920.456908,1704.71,0.14991731,-1
77921.205221,1704.66,0.234064,1
77921.478013,1704.66,0.00000027,1
77921.4319,1704.67,0.01001542,-1
77921.77419,1704.45,0.147218,1
77921.962238,1704.33,0.00231289,1
77921.962238,1704.33,0.03917925,1
77922.096725,1704.43,0.028806,1
77922.604504,1704.46,0.00108514,-1
77922.582707,1704.69,0.11468299,-1
77922.582707,1704.66,0.88025328,-1
77922.582707,1704.59,0.88025328,-1
77922.582707,1704.58,0.05857204,-1
77922.582707,1704.51,0.29322762,-1
77922.582707,1704.47,1.1731584,-1
77922.582707,1704.4,1,-1
77922.582707,1704.38,0.00895577,-1
77922.582707,1704.38,0.13919764,-1
77922.582707,1704.38,0.06959882,-1
77922.582707,1704.38,0.33008256,-1
77922.529637,1704.38,0.01791154,-1
77924.072079,1704.36,0.00095319,-1
77925.845996,1704.16,0.01112679,-1
77926.265945,1704.16,0.09117894,-1
77926.42749,1704.16,0.00001173,-1
77926.585955,1704.16,0.02850877,-1
77926.844291,1704.16,0.0117876,-1
77928.830429,1704.15,0.163041,1
77930.263858,1704.12,0.10014629,-1
77931.77614,1704.11,0.01,1
77931.973491,1704.11,0.00075372,1
77932.635729,1704.06,0.28512781,-1
77935.29348,1704.06,0.00890568,-1
77935.547322,1704.05,0.03742799,1
77937.068539,1704.06,0.00406676,-1
77937.946248,1704.06,0.11132068,-1
77939.362583,1704.06,0.01140435,-1
77940.266336,1704.26,0.029945,1
77940.243616,1704.08,0.10014,-1
77940.243616,1704.08,0.01112,-1
77940.243616,1704.08,0.03134371,-1
77940.243616,1704.08,0.85738617,-1
77940.243616,1704.07,0.22074389,-1
77940.241395,1704.07,0.65950166,-1
77940.241395,1704.06,0.0114,-1
77940.241395,1704.06,0.11132,-1
77940.241395,1704.06,0.00407,-1
77940.241395,1704.06,0.0089,-1
77940.241395,1704.06,0.86430253,-1
77940.385697,1704.19,0.00166874,1
77940.667301,1704.3,0.30849224,-1
77940.658388,1704.3,0.69150776,-1
77940.658388,1704.28,0.34075564,-1
77940.65776,1704.28,0.65924436,-1
77940.610757,1704.27,0.238727,1
77940.984897,1704.48,0.00153233,-1
77940.984897,1704.35,0.02698145,-1
77941.519708,1704.48,0.00153,-1
77941.519708,1704.48,0.99846767,-1
77941.653968,1704.76,0.00275959,-1
77942.144885,1704.73,0.27828936,-1
77942.381215,1704.69,0.259888,1
77942.506583,1704.81,0.00275959,-1
77945.922759,1704.59,0.29327873,-1
77950.956391,1704.71,0.00278282,-1
77952.126184,1704.7,0.001175,1
77953.178936,1704.73,0.01535,1
77953.527463,1704.68,0.146705,1
77954.115758,1704.47,0.069838,1
77954.587164,1704.47,0.03060101,-1
77956.343091,1704.46,0.146657,1
77957.568813,1704.38,0.01161847,1
77957.568813,1704.46,0.00000067,1
77957.641483,1704.46,0.01716206,1
77962.077574,1704.46,0.125577,1
77962.047477,1704.4,0.01691173,1
77962.047477,1704.46,0.25115574,1
77962.19608,1704.46,0.03139363,1
77962.19608,1704.46,0.00000037,1
77962.163774,1704.46,0.062789,1
77962.382008,1704.42,0.007848,1
77963.186462,1704.46,0.011773,1
77964.208223,1704.46,0.005887,1
77964.261758,1704.46,0.00294263,1
77964.261758,1704.46,0.00000037,1
77964.392614,1704.4,0.01630452,1
77964.392614,1704.41,0.00073618,1
77964.392614,1704.41,0.00073619,1
77964.839144,1704.44,0.01502596,-1
77964.959884,1704.46,0.008249,1
77965.104622,1704.46,0.00412384,1
77965.104622,1704.46,0.00000016,1
77965.070274,1704.46,0.008249,1
77965.159312,1704.46,0.002062,1
77967.987585,1704.47,0.08075943,-1
77969.437983,1704.39,0.08681103,1
77969.437983,1704.4,0.00103166,1
77971.309874,1704.43,0.001203,1
77971.414554,1704.43,0.02726977,-1
77971.485112,1704.56,0.06343778,-1
77971.481596,1704.46,0.05857204,-1
77971.477798,1704.41,0.007075,1
77971.423254,1704.41,0.01415,1
77971.697777,1704.47,0.00265344,1
77971.697777,1704.47,0.00088456,1
77971.749458,1704.53,0.001769,1
77971.825086,1704.64,0.001769,1
77972.682132,1704.62,0.11081225,1
77972.682132,1704.63,0.00088472,1
77972.842777,1704.62,0.03586,1
77973.270948,1704.63,0.14663592,-1
77974.589756,1704.75,1.17327954,-1
77974.580663,1704.7,0.25749378,-1
77974.579603,1704.66,0.04697936,-1
77974.579299,1704.66,0.55257826,-1
77974.579299,1704.66,0.05860147,-1
77974.579299,1704.65,0.29977882,-1
77975.293692,1704.96,0.16209,1
77976.351342,1704.96,0.00000586,1
77976.339755,1704.96,0.00322001,1
77976.904938,1704.97,0.0834734,-1
77978.525029,1705.01,0.04560743,-1
77978.822796,1705.03,0.10943671,-1
77978.822796,1705.01,0.01299404,-1
77980.514544,1705,0.146672,1
77980.435366,1705.01,0.05565087,-1
77981.493325,1705.06,0.00556376,-1
77981.590116,1705.05,0.00036961,1
77981.942132,1705.07,0.02323017,-1
77983.543461,1705.04,0.462894,1
77983.62316,1704.87,0.058601,1
77984.654119,1704.83,0.52152423,-1
77984.654119,1704.78,0.36855238,-1
77984.892314,1704.83,0.058601,1
77985.826433,1704.84,0.11612563,-1
77986.518888,1704.88,0.00290353,-1
77986.958865,1704.88,0.00001172,-1
77987.3669,1704.87,0.00087259,1
77987.3669,1704.87,0.14662241,1
77989.699811,1704.86,0.09447981,-1
77989.699811,1704.78,0.87987892,-1
77993.744477,1704.72,0.058601,1
77994.508455,1704.78,0.01448816,-1
77995.219184,1704.75,0.01891294,-1
77996.663766,1704.77,0.00145178,-1
77999.964602,1704.77,0.00101625,-1
78000.288498,1704.4,0.211483,1
78000.236839,1704.76,0.00075354,1
78000.21564,1704.76,0.43092449,1
78000.21564,1704.76,0.14664047,1
78000.21564,1704.76,0.42296788,1
78000.504919,1704.32,0.01710221,-1
78000.546316,1704.32,0.008,-1
78000.794923,1704.27,0.02670732,-1
78000.926674,1704.27,0.05700382,-1
78001.397333,1704.19,0.16691638,-1
78001.645511,1704.17,0.00348438,-1
78001.76916,1704.15,0.00058073,-1
78002.555729,1704.15,0.02613087,-1
78003.456651,1704.16,0.04005784,-1
78003.624288,1704.16,0.02850224,-1
78006.327473,1704.09,0.02358361,1
